,Attrition_Flag_code
415,1
3749,1
9295,1
8290,1
7672,0
759,1
1385,1
654,1
1201,1
2413,1
5936,1
4397,1
8714,1
9406,1
6670,1
3044,1
2830,1
7038,0
328,1
5317,1
6169,1
8198,1
2063,1
6760,1
3033,1
8501,1
3528,1
9397,1
4993,1
1281,1
3019,1
8187,1
9410,1
2636,1
8387,1
6623,1
4610,1
3018,1
2945,1
5007,1
4022,1
4194,0
2663,1
9890,1
1282,1
7478,0
1362,1
4030,0
1437,1
9751,1
8481,1
56,1
6622,0
8588,1
10073,1
1844,1
7447,1
8686,1
5735,1
2880,1
1743,1
8506,1
9257,1
4464,1
3787,1
740,1
6558,1
5903,1
1624,1
524,1
6778,0
4338,1
5582,1
6880,1
3397,1
435,1
5953,0
9599,0
308,1
1565,1
2631,1
5758,1
8494,1
401,0
4055,1
3068,1
881,0
434,1
7836,0
3465,1
7487,1
8514,1
4957,0
5900,1
5714,0
288,0
8474,1
8431,0
2623,1
6113,0
476,1
7225,1
9271,1
7853,1
7902,0
8761,1
737,1
4299,1
5821,1
7868,1
5563,1
5723,1
8334,0
4271,1
5265,0
4751,1
9120,0
9374,1
1839,1
1995,1
2399,1
7176,1
3464,1
8210,1
3724,1
800,1
8929,1
5841,1
1405,1
5940,1
69,1
7742,1
2759,1
8987,1
1586,1
4381,1
5743,1
1074,0
6754,1
5491,0
10053,1
9188,1
2603,1
9672,0
1579,1
3298,1
5761,1
3761,1
409,1
3379,1
4476,1
5762,1
5384,0
4004,1
3091,1
2726,1
477,1
1329,1
2283,1
9765,1
8565,1
1777,1
7445,1
751,1
5961,1
4193,1
9392,1
9944,1
6069,1
5288,1
4081,1
8486,0
5298,1
468,1
1545,1
6495,1
2683,1
10065,0
6364,1
1025,0
4121,1
9523,1
5524,1
2354,1
9245,0
3819,1
773,1
8443,1
8925,1
7815,1
9746,1
641,1
4353,1
4504,1
7372,0
7580,1
3746,1
8641,1
1108,1
4461,1
3707,1
1420,1
5144,1
8752,0
5049,1
5376,1
5079,1
5657,1
8026,0
1680,1
6906,1
633,1
2569,1
8183,1
7538,1
2166,1
363,1
6959,1
2825,1
5372,0
6427,1
7728,1
10012,1
5908,1
6682,1
4326,1
4209,1
1172,1
7149,1
4342,1
4060,1
2576,1
1989,1
7171,1
3279,1
8328,1
9137,0
5730,1
2628,1
9423,1
1410,1
5632,0
4097,1
6552,1
9866,1
9224,0
7100,1
815,1
2404,1
7431,1
10082,1
7110,1
2131,1
1797,1
3090,1
4302,0
4693,0
3122,1
6673,0
4343,0
122,1
179,1
9370,1
5684,1
4862,1
6433,1
10005,1
1157,1
237,1
1532,1
8981,1
6487,1
9230,0
1535,1
7779,1
7900,0
2605,1
5843,1
7299,1
7666,0
2177,1
8201,0
2351,1
6209,1
3422,1
8560,1
2134,1
1480,1
2793,0
4981,1
9904,1
10060,1
8804,1
6699,1
7197,1
8782,1
7636,1
4619,1
4205,1
3838,1
1952,1
555,1
4385,1
1163,1
1584,1
6332,1
3643,1
6006,1
8968,1
8881,0
8128,1
9391,1
1598,1
7386,1
300,1
8517,1
9783,1
9217,1
9395,1
4775,1
6224,1
4459,1
2858,1
7226,0
9958,1
3142,1
1359,1
4661,0
1935,1
3205,1
5851,0
486,1
9182,1
4472,1
9848,0
5354,1
5378,1
4222,1
3337,1
7990,0
1152,1
5538,1
9864,1
3944,1
8071,1
5013,1
4007,1
6372,1
9825,1
8376,1
7782,0
7507,1
665,1
6085,0
6615,1
9154,1
642,1
9362,1
176,1
6220,1
10036,1
5508,1
786,1
6867,1
9913,1
8734,1
3202,1
8632,1
9997,1
8156,1
91,1
7146,1
5896,1
9626,1
3614,1
1971,1
2905,1
530,1
3855,1
996,1
5529,1
8861,1
4511,0
6435,1
2312,1
2154,1
4372,0
1427,1
4731,0
7459,0
6210,1
4217,0
8640,1
3085,1
6802,1
6535,0
7144,1
4277,1
5912,1
495,1
6202,1
2321,1
7401,1
8316,1
151,1
4295,1
694,1
9710,1
5861,1
1738,1
3001,1
167,1
9289,1
7216,0
2865,1
8657,1
9656,1
6060,1
2883,1
3031,1
5944,1
8645,1
7411,1
9160,1
7659,1
9170,1
2276,1
7229,1
5869,1
608,1
5447,1
9043,1
9229,1
428,1
7268,1
7263,1
4335,0
426,0
2223,0
100,1
10086,1
3509,1
2762,1
7467,1
4872,0
5020,1
9755,1
3286,1
5858,1
8984,1
6414,1
6245,1
6742,1
9355,1
8314,1
1465,0
5111,1
2234,1
1744,1
5884,1
7895,0
8489,1
3532,1
5921,1
5169,1
9354,1
1983,1
7058,1
5506,1
9543,0
2121,1
4176,1
3815,1
4011,1
9136,0
916,1
9519,1
7457,1
5224,1
3161,1
3535,1
6624,1
8627,1
6550,1
7945,1
1203,1
3995,1
5095,1
6739,0
1926,1
3114,1
2641,1
5153,1
7567,1
8085,0
2562,1
7819,1
2728,1
8019,1
4898,0
4382,0
7909,1
6513,1
2626,1
4094,1
8362,1
4742,1
805,1
4766,1
3795,0
9665,0
4315,1
4032,1
3782,1
5313,0
1242,1
7142,1
8373,1
5337,1
547,1
3022,1
9799,1
6389,1
26,1
5094,1
4395,1
2508,1
1433,1
2582,1
1302,1
5981,1
9804,1
4139,1
4475,1
1221,1
5133,1
2548,1
750,1
437,1
9852,1
3411,1
8578,1
2847,1
1173,1
7704,0
2699,1
9714,0
6088,0
6627,1
2481,1
8595,1
8552,1
2706,1
4793,1
326,1
1039,1
2637,1
7745,1
2499,1
1004,1
2861,1
3233,1
1870,1
4366,0
5146,1
8492,0
6472,1
534,0
6595,1
9760,1
7572,1
585,1
10040,0
3035,1
4554,1
2585,1
1703,1
4573,1
5728,1
491,1
5196,1
4477,1
2836,1
2266,1
4914,1
4043,1
6678,1
5905,1
7735,1
3548,1
2900,1
819,1
2944,1
1916,1
3185,1
8652,1
5979,0
7460,1
4367,0
8277,1
1133,1
9581,1
8678,1
2518,1
397,1
1317,1
4411,1
121,1
2449,1
4153,0
3229,1
1566,1
1984,1
7173,1
8457,1
5605,0
6877,1
6965,1
2173,1
3283,1
8605,1
3605,1
8697,1
2333,1
573,1
3881,1
9194,0
981,1
9833,0
3502,1
1407,1
535,1
4640,0
9877,0
7977,1
9798,1
1434,1
9607,1
2579,1
3799,1
3269,1
9675,1
8072,1
9769,0
1867,0
1454,1
1786,1
10038,1
9040,1
2521,1
4565,1
1820,1
4584,0
2929,1
51,0
4802,0
6860,1
9302,0
3577,1
469,1
2629,1
6908,1
7675,1
8353,1
6388,0
5371,0
1858,1
9654,1
865,0
9996,0
7416,1
7599,1
6499,1
9344,1
4848,1
6434,0
6182,1
425,1
188,1
5792,1
4483,0
228,1
7971,0
5328,1
2741,1
1041,1
8855,1
9260,1
3798,0
6459,0
471,1
2921,1
1905,0
8993,1
801,1
1487,1
9514,1
3653,0
227,1
4210,1
1128,1
5215,0
7304,1
2208,1
6516,1
9019,1
4328,1
6027,1
3153,1
5019,0
9858,1
5092,1
6399,0
9975,0
2144,1
7619,1
8091,0
2374,1
2577,1
1632,1
7885,1
2298,1
8211,1
156,1
7465,1
6897,1
3349,1
2879,1
3413,1
7331,0
9548,1
5397,0
3768,1
6066,0
4489,0
8204,0
3846,1
7731,1
8020,1
4930,0
5817,0
2495,1
4151,0
6901,1
2372,1
6199,1
5489,1
3461,1
4347,1
5547,0
7376,0
5688,1
5181,1
4631,0
2550,1
9617,1
847,1
3344,1
938,1
7168,1
5234,1
8980,1
8724,1
8055,1
7159,1
9846,0
756,1
4885,1
2644,1
4280,1
4407,1
3165,1
3639,1
7767,1
6687,1
6162,1
4099,1
6077,1
2357,1
3418,0
10030,1
2061,1
549,0
4417,0
2812,1
9502,1
8891,1
9114,1
2549,1
6247,1
3169,1
6771,1
4965,0
4414,0
1259,1
8093,1
9498,1
8137,1
1024,1
7514,1
752,0
6211,0
8218,1
5549,0
1951,1
5121,1
351,1
1511,1
7831,1
4593,0
3971,1
5968,1
701,1
9530,0
3662,1
4823,1
5544,1
4700,1
561,1
2318,1
3098,1
4024,1
3150,0
5769,1
4420,0
4884,1
3573,1
9668,0
7440,1
4807,1
6240,1
1047,1
2939,1
1808,1
3166,1
414,1
1340,1
9491,1
6201,1
5204,1
9610,1
4740,0
7573,1
1469,1
1710,1
4851,0
8846,1
2271,0
1583,1
1412,1
4226,1
8860,1
7862,1
6884,1
1722,1
2024,1
2212,1
1507,1
2622,1
6163,1
9248,1
1321,1
842,1
1146,1
3624,1
4401,1
4332,1
9105,1
4813,1
463,0
1754,1
4128,1
5719,1
9582,1
6586,1
4832,1
8963,1
6504,1
378,1
3106,1
10117,1
1335,1
1223,1
4506,1
2716,1
10007,1
2952,1
1350,0
1082,1
4975,0
5581,1
5375,1
1811,1
4237,0
1351,0
6310,1
5474,1
1894,1
6830,1
565,1
4113,1
8083,0
3673,1
9028,1
7754,1
1212,1
1189,1
7095,1
898,1
4833,1
8971,1
6100,1
9014,0
3454,1
3609,1
5434,1
8879,1
9800,0
8411,1
8696,1
4441,0
8136,1
2332,0
5199,1
2262,1
9473,0
7700,1
2595,1
9716,1
3593,1
5368,1
1030,1
5060,1
7302,1
3774,1
6326,0
7533,1
8012,0
9895,1
6013,0
1755,1
4398,1
7180,1
7781,1
231,1
7838,1
110,1
5613,1
6899,1
2514,1
6134,1
5660,0
5682,0
2917,1
4010,1
2992,1
2317,1
4985,1
8994,1
7189,0
1515,1
216,1
9333,0
9180,1
8525,1
2263,1
5481,0
4629,1
8608,1
6187,1
893,1
1490,1
3003,1
1850,1
5350,0
4779,1
324,1
1215,1
2899,1
2933,1
3658,1
7077,1
6864,0
6482,0
8699,1
6351,1
9847,1
1129,1
4924,1
2918,1
4803,1
8163,1
9216,1
6700,0
7653,1
208,1
3254,1
2795,1
8381,1
6436,1
798,1
9225,1
734,0
2244,1
178,1
7583,1
8859,0
1174,1
5071,1
9679,1
6017,1
1831,1
8205,1
4421,1
8112,1
10102,1
7472,1
3201,1
198,0
8144,0
7450,1
9404,1
1097,1
548,0
7105,1
9429,1
5421,0
4680,0
9341,1
3369,1
4883,1
2532,1
1634,0
2314,1
7436,1
7081,0
6109,1
2815,1
3437,0
9814,1
4309,1
66,1
8092,1
616,1
1118,1
3260,1
3401,1
3692,0
937,1
6794,1
2572,1
5856,1
6508,1
622,1
1681,1
2126,0
787,1
3332,0
9882,1
9898,0
3280,1
4866,0
9202,1
4190,1
6431,1
478,1
5862,1
2647,1
5269,1
5271,1
1033,1
4818,1
2598,1
4262,0
6948,1
9428,1
344,1
4181,1
1871,1
9525,1
9413,1
9723,1
2888,1
220,1
9308,1
8439,1
4192,0
4016,1
4224,0
10104,1
9472,1
9010,0
9696,1
8869,1
8132,1
9214,1
5027,1
2881,1
1677,1
8553,1
901,1
7333,0
2296,0
6421,1
7402,0
296,1
8892,1
4510,0
27,1
4532,1
6875,1
6835,1
6010,1
3248,1
7873,1
2580,1
4989,1
1370,1
9980,1
9460,1
5314,1
9588,1
681,1
3159,1
2987,1
1882,1
1940,1
3296,1
3534,1
3729,1
8816,1
1181,1
1375,1
5363,0
7578,1
626,0
2112,1
9071,1
6735,1
6392,1
9001,1
4634,1
1462,1
2887,1
4533,1
684,1
7414,1
7768,0
1366,1
3916,1
2639,1
9580,1
9156,0
5987,1
2300,1
2938,1
5853,1
8772,1
5159,1
1979,1
3803,1
4656,1
9065,1
4695,1
5152,1
2280,1
4561,0
4264,1
7050,1
4130,1
6237,0
9933,1
1784,1
3182,1
494,1
9379,1
2860,1
6214,1
4041,1
7382,1
2897,1
366,1
849,1
8298,1
5504,1
6266,1
2653,1
3503,1
1541,1
7698,1
8983,1
322,1
2031,1
813,0
7778,1
9495,1
9315,1
1079,1
2226,1
9256,1
7949,1
2705,1
7019,1
4377,1
1164,1
3261,1
9837,0
1450,1
4229,1
3862,1
8042,1
7078,1
7323,1
5028,1
8266,1
6398,1
6804,1
4618,1
4056,1
9633,0
2999,1
9143,1
1231,1
1514,1
2313,1
1451,1
4572,1
7064,1
8643,1
7260,1
838,1
10041,1
9554,1
6601,1
8614,1
3567,1
9384,1
3087,1
8757,0
1714,1
4270,0
339,1
8447,1
6114,1
5312,0
8255,1
5044,0
588,1
3365,1
2670,1
3589,0
34,1
28,1
7201,1
4715,1
2170,1
5286,1
8148,0
889,1
7839,1
3322,1
9516,1
3514,1
5687,1
8458,1
5517,1
3733,1
9585,1
7281,1
1654,1
8268,0
7812,1
223,1
8739,1
4560,1
4239,1
1590,1
6156,1
3256,1
9736,1
4905,1
2181,1
6998,0
5053,1
8022,0
6092,1
1209,1
421,1
8854,1
1706,1
1158,1
2306,1
273,1
171,1
3956,0
4995,1
3188,0
1725,1
4419,1
5819,1
1564,1
1782,1
843,1
9465,1
4588,1
904,1
8617,1
9793,0
5261,1
1547,1
2080,1
8368,1
3985,1
6576,0
5389,1
8826,1
8770,1
8313,1
3820,0
2646,1
4580,1
7363,1
5247,0
6730,1
7202,1
4350,1
6249,0
2155,1
6903,1
3715,1
4057,1
7736,1
3102,1
558,1
7341,1
4503,1
1436,1
507,1
1869,1
755,1
6447,1
4050,0
5405,1
3836,1
2118,1
6333,1
8108,1
501,1
6443,1
9417,1
1539,1
6321,1
1211,1
9242,1
672,1
3377,1
8898,1
1464,1
1192,1
7182,1
1872,1
3590,1
6919,1
505,1
243,0
506,1
8300,1
7163,1
4800,1
9220,1
1773,1
5822,1
5046,1
797,1
8343,1
10126,0
2829,1
9439,1
8851,1
312,1
746,1
3569,1
790,1
2476,1
9445,1
2570,1
5440,1
5852,0
4355,1
2163,1
9301,1
7556,1
380,1
6328,1
1292,1
1912,1
599,1
3892,1
4141,1
1652,1
5377,1
1893,1
1944,1
3395,1
5636,1
4362,0
9893,1
375,1
1966,1
3957,1
7338,1
4423,1
8895,1
4633,1
10112,0
7082,0
1471,1
3346,1
6437,1
2853,0
9107,1
9899,1
6647,1
4062,1
4932,1
4306,1
5015,1
7453,1
5427,1
3990,0
1049,1
6358,1
5484,1
8078,1
2035,1
4039,1
6239,1
9969,1
1972,0
9532,1
2099,1
1499,1
6412,1
652,1
170,1
4085,0
242,0
5874,0
4371,1
7170,1
2756,1
7874,1
6188,1
2076,1
4103,0
9681,1
6440,0
4984,1
5034,0
5245,1
7952,1
4950,1
9493,0
4871,1
5502,1
4608,1
10084,1
4078,1
640,0
1270,1
2778,1
1985,1
3861,1
3480,1
1534,1
325,1
2338,1
3980,1
7073,0
4054,1
2237,1
7309,1
9791,1
4879,1
864,1
5849,1
5770,1
8740,1
371,1
6480,0
5711,0
8143,1
6070,1
9407,1
5695,1
2364,1
3213,1
911,1
9166,0
7301,1
6720,0
8541,1
6726,1
6118,1
1423,1
9931,1
479,1
662,1
4604,1
9101,0
8244,1
2988,1
1119,1
2776,1
4535,1
5741,1
5145,1
6840,1
5254,1
4427,1
7639,1
3981,1
6834,1
2893,1
2669,1
3977,1
9541,1
279,1
6923,1
6282,0
9059,1
1694,1
9030,1
3479,1
4416,1
7801,1
6382,1
5479,1
8733,1
9960,1
4296,1
7044,1
4982,0
2209,1
7814,1
7325,1
7501,1
184,1
4936,1
4983,0
4516,1
2350,1
553,1
1397,1
1384,1
5274,0
5205,1
297,1
443,1
7856,0
2077,0
8029,1
2229,1
2842,1
2537,1
8380,1
8413,1
6631,1
3367,0
4614,1
2578,1
1131,1
4955,1
320,1
1371,1
4042,1
4734,1
5292,1
907,1
6135,1
3950,0
4847,1
9004,1
7712,1
5833,1
6270,1
8516,1
926,1
6323,0
15,1
143,1
2363,1
129,1
1161,0
6041,1
6309,1
4797,1
5183,1
4880,1
1876,1
2488,1
9954,0
7626,1
1182,1
6315,1
6956,1
1170,1
2182,1
3371,1
10074,1
1859,1
7685,1
4913,1
5454,1
6543,0
7120,1
7592,1
9741,1
3121,1
387,1
7999,1
1032,1
8066,1
6561,0
931,1
4019,1
691,0
5453,1
6849,1
829,1
3498,1
2081,1
9029,1
9562,1
44,1
3939,1
5411,1
4730,0
4319,1
2965,1
3969,1
1187,1
284,1
8990,0
4159,1
3092,1
4556,1
6325,0
4323,1
5664,0
5477,1
3364,1
8327,0
3195,1
5807,1
969,1
3734,1
925,1
9618,1
6639,1
9373,1
2851,1
5331,1
6319,1
8982,1
8024,1
4471,1
8785,1
4348,1
8118,1
3626,1
1789,1
8400,1
2059,1
10047,0
4013,1
1902,1
4686,1
5733,1
8913,1
75,1
2345,1
5642,1
430,1
4586,1
6992,0
4836,1
8279,1
7381,1
1553,1
240,0
783,1
3066,1
977,1
2941,1
5914,1
4863,0
1620,1
2146,1
1801,1
2095,1
6252,0
5399,1
1357,1
9330,1
8418,1
8475,1
4922,1
6195,0
10057,1
8883,1
5836,0
1609,1
3096,1
6982,1
2415,1
2017,1
6196,1
4125,1
9926,0
3246,1
124,1
9048,1
7135,0
7671,1
9277,0
3341,1
598,0
2123,1
7635,1
9130,1
7248,1
9784,0
2197,1
4051,1
7461,0
3362,0
7046,1
725,1
7303,1
978,0
808,1
5211,1
1475,1
6107,1
9155,1
7541,1
3962,1
8910,1
5920,1
1235,1
1225,1
8184,1
6453,1
8435,1
5235,1
4829,1
3217,1
287,1
5165,0
2966,1
3164,0
6178,1
9005,1
1657,1
1975,1
2397,1
452,1
2710,1
4828,1
3681,1
422,1
6227,1
657,0
3301,1
7480,1
2845,1
9365,1
7706,1
1001,1
4198,0
2418,1
7690,1
8043,1
3847,1
961,1
1580,1
9773,1
2206,1
6496,1
7383,1
4231,1
757,0
2284,0
6854,1
4890,1
4827,1
7792,1
807,1
6101,1
7931,1
1956,1
2445,1
6648,1
8284,1
6597,1
2402,1
1073,1
7550,0
4240,1
8620,1
2091,1
4527,0
7406,1
9269,1
7441,1
7630,1
6887,1
7335,1
1003,0
9219,1
6752,1
7093,1
4651,1
7724,1
1485,1
7816,1
1411,1
9553,1
5860,1
709,1
5217,1
3603,1
7415,0
3076,1
7066,1
4101,1
9287,1
2722,1
9479,1
1268,0
2462,1
6575,1
268,0
3580,1
4750,1
5505,1
8736,0
5306,1
6791,1
2821,1
5593,1
589,1
6128,1
8957,1
7523,1
7866,1
8046,1
8206,1
6486,1
2028,1
7013,1
677,0
5927,1
1232,1
6343,1
7306,1
7588,1
4856,0
5608,1
2432,0
6503,1
8119,1
6213,0
6419,0
896,1
1611,1
6664,0
6571,0
9653,1
3806,0
6466,1
6825,1
4701,0
3961,1
5573,1
890,1
6121,1
8956,1
7065,0
6378,1
7129,1
8824,1
2799,1
584,1
3268,1
3932,1
1260,1
6111,0
310,1
8003,1
8039,1
6390,1
6157,1
4668,0
4298,0
3783,1
1008,1
8461,1
2185,0
3623,1
7238,1
5062,1
9796,0
5702,1
4834,1
6147,1
4756,1
6853,1
90,1
6148,1
6605,1
7770,0
8121,1
2117,1
2937,1
6872,1
983,1
8790,1
5466,1
2925,1
9573,1
3214,1
9529,1
8813,1
7236,1
9060,1
627,1
4947,1
4244,1
5272,0
4765,1
1601,1
9717,0
1269,1
128,1
6054,1
1711,1
8076,0
4235,1
7887,1
2398,1
6866,1
10079,1
8535,1
1186,1
6191,1
9917,0
8075,0
1977,1
10013,0
4247,1
7882,1
915,1
1305,1
7194,1
3049,0
9643,1
1273,1
8997,1
2796,1
1398,1
3358,1
183,1
5198,1
5859,1
6301,0
5470,1
6634,1
7185,1
4567,0
8224,1
2656,1
8416,1
7053,1
1961,1
4992,0
4891,1
8408,1
8282,1
10100,1
1251,0
3176,1
7974,0
5155,0
7545,1
6729,1
3289,0
8159,1
8840,1
7820,1
6151,0
8084,0
1051,1
4069,1
6200,1
5712,1
272,1
2042,1
4763,1
6826,0
6978,0
7628,1
1086,1
5970,1
6531,1
9778,1
9790,1
4322,1
7143,0
7960,1
9903,1
7755,0
5264,1
8088,0
4709,1
8294,0
8262,1
9700,0
6977,1
3478,1
7318,1
3924,1
1748,1
732,1
2553,1
5615,1
9816,1
2662,1
9605,1
6004,1
3113,1
3303,1
1344,0
1690,1
5834,1
6689,1
5048,1
3308,1
1504,1
1806,1
8065,0
7198,1
3791,1
9642,1
7535,1
6080,1
6373,0
7727,0
1848,1
4512,1
2431,1
4660,1
9711,1
8731,1
142,1
8874,1
7829,1
5418,0
3409,1
1117,1
1756,1
497,1
5992,1
870,1
3357,1
912,1
721,1
2805,1
10069,1
886,1
9715,1
9380,1
8449,1
1520,1
8803,1
2746,1
5837,1
5958,0
314,0
1799,1
327,1
5805,1
4204,1
3129,1
9583,1
6929,1
3968,1
10043,1
9313,0
1973,1
336,1
2764,1
9288,1
275,1
2985,1
5809,1
6018,0
3477,1
8685,1
3558,1
2809,1
9233,1
4861,1
9971,1
3416,1
307,1
3908,1
348,1
826,1
9623,0
4482,1
8962,1
3682,1
8635,1
8495,1
2053,1
71,1
5667,1
7212,1
6458,1
8278,1
1666,1
6369,1
6658,1
9424,1
1445,1
8049,1
8275,1
1695,1
2892,0
1574,1
3203,1
4405,1
1630,1
7681,1
1881,1
5112,1
5074,1
8937,1
5746,1
848,1
10015,1
9185,1
6039,1
2877,1
186,1
3779,0
1830,0
2959,1
9361,1
9222,1
1234,1
6145,1
3915,0
446,0
844,1
7637,1
5938,0
5558,1
2440,1
3103,1
8698,1
6984,1
5813,1
1294,0
5225,0
9135,0
5067,0
3442,1
8559,1
9930,1
8448,1
9275,1
776,1
9839,1
2153,1
4920,1
5516,1
9614,1
6865,1
9049,1
8540,1
3183,1
7586,0
3199,0
7224,1
1289,1
4581,0
8410,1
9054,1
7352,1
6969,1
4106,1
4126,1
9807,1
3966,1
1879,1
8606,1
9419,1
5294,1
3587,0
7579,1
3865,1
8081,1
4131,1
1036,0
636,1
5669,1
4134,1
7296,0
1083,1
861,1
5212,0
903,1
191,1
109,1
4455,1
1942,1
5441,1
4331,1
8654,1
2040,1
7537,1
7047,0
8168,1
4659,1
8185,1
2775,1
4145,1
2323,1
762,1
2617,1
2411,0
1094,1
6355,1
7247,1
5748,1
3135,1
7877,1
5040,1
3805,1
884,1
2654,1
5465,1
6522,0
8151,1
6935,0
7835,0
7976,0
7205,1
5192,1
9809,0
5300,0
2202,1
7642,1
9464,0
1262,1
8394,1
975,1
6000,1
4925,1
941,1
5263,0
4723,1
2387,1
9851,1
5021,1
4391,1
5148,0
3221,1
3882,1
9560,1
6991,1
8493,1
2789,1
944,1
9026,0
1857,1
8783,1
4108,1
5213,1
8625,1
3255,1
2690,1
8866,1
6989,1
1319,1
8871,1
10006,0
5162,1
5998,0
9300,1
6131,0
6422,1
3475,0
3505,1
4749,1
2477,1
9631,1
6805,1
7552,1
7795,1
5500,1
9989,1
6950,1
1874,1
8628,1
5424,1
7702,1
5096,1
2904,1
570,1
1448,1
6137,1
6426,1
6532,1
7018,0
6718,1
3226,1
9867,1
3978,1
4383,1
8157,1
3539,1
5846,1
7481,1
2827,1
6934,1
4996,0
1338,1
3262,1
8679,1
8774,1
650,1
2902,1
2258,1
7610,1
3521,1
2730,1
9199,1
4478,1
1596,1
8710,1
2584,1
5597,1
3196,1
6225,0
5327,1
10054,0
5532,1
1258,1
5431,1
991,1
3504,1
113,1
919,1
2509,1
9524,1
165,1
5417,1
4603,0
949,1
4594,1
7826,1
3770,0
2506,1
5107,0
2850,1
8569,1
5518,1
9122,1
4446,1
4460,1
7001,1
2505,1
1114,1
8505,0
298,1
1675,1
3347,1
2735,1
8033,1
4988,0
9115,1
9023,1
4325,0
6911,1
6084,1
4550,1
6967,1
8061,1
2103,1
5336,1
5982,1
6954,1
7661,1
1837,1
8117,1
8425,0
9575,1
607,1
8959,0
1093,1
5579,1
9074,0
9083,1
4487,0
160,1
203,1
8833,0
6064,0
4933,1
2934,1
7528,0
2435,1
1230,1
8789,1
3046,1
9777,0
6244,0
7876,1
6594,1
4251,1
5737,1
3293,1
4034,0
2725,1
4290,1
4334,1
6103,0
3877,1
5584,1
4753,1
4886,0
857,1
8256,1
8482,1
2561,1
3801,0
2640,1
5455,1
8478,1
4490,1
2347,1
649,0
2781,1
5815,1
8656,1
8791,1
5902,1
615,1
8556,1
2575,1
53,1
3340,1
7235,1
1705,1
9179,1
5620,0
1493,1
10089,0
5795,1
803,1
4953,1
7130,1
7307,0
990,1
2774,1
7678,1
8028,1
3513,1
5635,1
8618,1
219,1
5703,1
1288,1
3163,1
4678,1
2618,1
3612,1
43,1
8834,1
6717,0
3792,1
3571,1
10107,0
1503,1
5716,1
9955,1
3439,1
1892,1
9443,1
5255,1
1955,1
5167,1
4814,1
6448,1
1505,1
670,1
9025,1
7254,1
897,1
6604,0
2666,1
3193,1
2890,1
5857,0
2621,1
8939,1
6129,1
2,1
2370,1
8129,1
1769,1
8616,1
6203,1
531,1
8737,1
8763,1
6800,1
6253,1
3120,1
9141,1
731,1
3406,1
2339,1
6141,1
6014,1
2565,1
7938,1
8034,1
6904,1
9650,1
5640,1
6152,1
9094,1
1255,1
2104,1
6927,0
6885,1
6408,1
9270,1
4994,1
9088,1
7034,1
5057,0
9854,0
4434,1
3484,1
9615,1
5318,1
3816,1
5893,0
9021,1
8054,1
5708,1
1621,1
9544,1
6491,0
6425,1
9020,1
1096,1
8283,1
9603,1
6987,1
2463,1
7354,1
1788,1
250,1
7601,1
7211,1
6391,1
192,1
820,1
9750,1
9684,1
7399,1
7539,1
4400,1
7242,1
5388,0
4166,1
4951,0
2687,1
4390,1
6029,1
6460,1
4927,1
8203,1
5552,1
2607,1
8952,0
238,1
4015,1
9382,0
2977,1
5876,1
10031,1
6271,0
5473,1
945,1
6603,0
9496,1
5097,1
8354,1
5972,1
3552,1
10095,1
3360,1
9490,1
5628,1
2410,1
4507,1
8570,1
3982,1
146,1
6839,0
2294,1
2253,1
3611,1
5353,1
1736,1
9223,0
10056,1
114,1
8977,1
5812,1
9596,1
498,1
7713,1
720,1
7387,0
8960,1
5894,1
3089,1
7430,1
7512,1
6698,1
596,0
9211,0
6273,1
6231,1
5164,1
1647,1
6312,0
8420,1
2700,1
7634,1
1700,1
10009,1
5404,1
7423,1
6104,1
2942,1
6485,1
86,1
2308,1
2677,1
8323,1
9401,1
2594,1
6055,1
1029,1
136,1
9489,1
6322,1
2854,1
4409,1
1200,0
4717,1
9639,0
6784,1
566,1
7470,1
5430,1
3927,1
9550,1
7964,1
5824,1
6762,1
6725,1
9031,1
8382,1
2330,1
3515,1
2187,1
195,1
7463,1
5829,0
5059,1
802,1
5715,1
9434,1
8107,1
2068,1
5955,1
8858,1
644,1
9494,1
5103,1
5460,0
1637,1
120,1
2981,1
5069,1
3074,1
9046,1
3278,1
2135,1
7498,1
4970,1
7946,1
134,1
9314,1
5324,0
9763,1
9418,0
2559,1
62,1
1358,1
8890,1
6620,1
6242,1
2467,1
679,1
6997,1
741,1
5307,1
9366,1
3641,1
444,1
8271,1
3258,1
4663,1
1873,1
6553,1
2596,1
1717,1
2912,1
2843,1
4027,0
5488,1
8748,1
4485,1
2556,0
489,1
493,1
690,1
3821,1
602,1
1911,1
1014,1
6338,1
1993,1
6149,1
3757,1
2366,1
5283,0
4370,1
7284,0
7209,1
1361,1
6160,1
1526,1
1327,1
6260,1
9620,1
1551,1
6451,1
9810,1
1337,1
3901,1
3010,1
5041,1
8941,1
2250,1
6723,1
5039,1
2346,1
9402,1
5485,1
2784,1
5694,0
5119,1
7759,1
5555,1
5599,0
6870,0
150,1
2804,1
8127,1
2086,1
3751,1
5612,1
2259,1
4017,0
6291,1
8344,1
2424,1
4138,1
3856,1
859,1
5367,1
7800,1
8326,1
9968,0
8676,0
4739,1
8711,1
4462,1
5528,1
1364,1
1779,1
7362,1
4785,1
6518,1
1818,0
8013,0
4937,1
2704,1
5285,1
175,1
7689,1
2093,1
8612,1
3491,1
1920,1
82,0
816,0
8715,1
9842,1
4396,1
8928,0
5568,1
283,0
4120,1
7688,1
609,1
2915,1
1813,1
1271,1
6096,1
9718,1
2994,1
8806,1
8555,1
7563,1
2642,1
6743,0
4508,1
2305,1
6692,1
6444,0
4195,0
5562,0
4840,1
4655,0
8276,1
4168,1
3849,1
9972,0
8509,1
5253,0
8099,1
5533,1
2414,0
3554,1
4691,1
4498,1
2195,1
5045,1
2600,1
1518,1
4764,1
4314,1
3366,0
6243,1
6772,1
2633,1
8113,1
5633,0
8301,1
5922,0
8904,1
2434,1
8384,1
6951,1
8948,1
9589,1
4520,1
5587,1
3545,1
6915,1
6167,1
8921,1
5531,1
5444,0
517,1
9322,0
7720,1
9201,0
8177,0
1415,0
4664,1
4456,1
2761,1
5911,1
4855,1
8976,1
127,0
3474,0
8186,0
4310,1
2438,1
3765,1
7072,1
6067,1
6192,1
10106,1
9894,1
1473,1
4821,0
9133,1
3560,1
3951,1
49,1
5437,0
10023,0
887,0
2616,1
516,1
3168,0
2949,1
1424,1
139,1
1924,1
2378,1
3197,0
5131,1
112,1
4559,1
4595,0
8036,0
3250,1
4690,1
7614,1
7981,1
4546,1
7011,1
3277,1
6464,0
9117,1
4068,0
4408,1
10046,1
8701,1
7591,1
3222,1
8317,1
451,0
3731,1
9072,1
4986,1
3663,1
2763,1
658,1
7888,1
7886,1
4620,1
999,1
389,1
3407,1
1476,1
2240,1
2386,1
9259,1
992,1
4997,0
3922,0
2972,1
3386,1
7890,1
8100,1
9885,1
4769,1
1293,1
1824,1
2873,0
4173,1
2535,1
9252,1
1907,1
42,1
9613,1
368,1
6033,1
1151,1
7966,0
6545,1
6083,0
7503,1
10092,0
4160,0
4287,1
10066,1
9691,1
174,1
1903,1
1099,1
8259,0
3408,1
1538,1
2292,0
9420,1
1363,1
7178,1
6818,1
5260,1
8421,1
7255,0
680,1
9552,0
10000,1
3664,1
1661,1
508,1
166,1
5497,1
8406,1
1006,0
8459,1
1914,1
3494,1
9756,0
9873,1
6632,1
4990,1
2536,1
1104,1
3875,1
7732,1
1752,0
5310,1
5952,1
7169,1
2916,1
8235,1
5754,1
152,1
9436,1
5679,1
3907,1
9255,1
2552,1
2773,1
8524,0
3551,1
3722,1
6831,1
520,1
8221,1
4538,1
7502,1
1822,1
4086,1
6329,0
8856,1
7536,1
7954,1
309,1
7932,0
8521,1
7520,1
3599,1
3622,1
3811,0
6005,1
3450,1
4591,1
205,1
9965,1
1135,1
9504,1
2749,1
3613,1
305,1
1849,1
7618,0
9187,0
1988,1
3240,1
2798,1
4515,1
5630,1
7925,1
3109,1
4939,1
4059,1
1987,1
7361,1
8991,1
6803,1
383,1
5634,1
4307,1
3388,1
3156,1
6053,0
10122,1
2727,1
6517,1
6462,1
8798,1
8409,1
6215,0
3832,1
8819,1
4776,1
4276,1
253,0
7429,1
9712,1
9569,0
278,1
3252,1
2480,1
289,1
6264,1
3075,1
4073,0
7807,1
6590,1
6108,1
5089,1
6874,1
9290,1
9840,1
8510,1
9076,1
6300,1
7968,1
270,1
6009,1
4570,1
8077,1
3565,1
2971,1
6377,1
8882,0
4207,0
3218,0
1391,1
3975,1
4316,1
6888,1
7551,1
7656,0
83,1
873,1
9728,1
7845,1
4557,1
4500,1
4647,1
2038,1
9817,0
7106,1
2450,1
3954,0
2329,1
9244,0
7243,1
5042,0
9484,1
4746,1
9487,1
8332,0
6681,1
6828,1
9597,0
2401,1
5520,0
1216,1
8809,1
6020,1
7061,1
1064,1
3786,1
4410,1
7055,1
6953,1
5523,0
5996,1
8949,1
5888,1
2161,1
3008,1
1105,1
7328,1
692,1
7722,1
4956,0
8390,1
8589,1
4369,1
2765,1
3929,1
7337,1
8849,1
7739,1
6584,1
628,1
2451,1
6423,1
6768,1
3824,1
9096,1
2652,1
9227,0
3743,1
2176,1
10032,1
9383,1
3318,1
9941,1
2787,1
4105,1
8403,1
1676,1
3947,1
4444,1
2936,1
6851,1
8876,1
5722,1
7649,0
2503,1
8591,1
2369,1
4967,1
5883,1
2217,1
5847,1
2218,1
3326,1
6926,1
3583,1
9949,0
3619,1
6217,1
7918,1
9549,1
3115,1
85,1
9123,1
5973,1
2801,1
3671,1
3667,0
9918,1
5158,1
5725,1
4590,1
2019,0
8045,1
2525,1
7517,1
9235,1
3212,1
519,0
5366,1
6955,1
2895,1
244,1
5930,1
4714,1
9327,0
3425,1
6930,1
8923,1
6912,1
6824,1
6360,1
7454,1
5509,1
6297,1
2001,1
885,1
869,1
9811,0
5720,1
356,1
10033,1
5451,1
8299,1
6625,0
7915,0
1275,1
1890,1
9920,1
6758,1
9303,1
3563,1
5787,1
4958,1
1546,1
6193,1
2380,1
3823,1
3232,1
8507,0
3306,0
492,1
3499,1
6855,1
1116,1
5637,0
8888,0
6146,1
9993,1
8889,1
9174,1
8333,1
8725,1
8182,1
3645,1
2500,0
5677,0
5241,1
6708,0
2783,1
6158,1
3809,1
6810,0
8760,1
8027,1
1696,1
5685,1
7379,1
5939,1
2052,1
1776,1
6750,1
3313,1
4781,1
8573,0
6974,1
1592,1
1723,1
215,1
6510,1
8935,1
490,1
9253,1
3483,1
5102,0
5187,1
3431,1
6479,1
7921,0
5513,0
25,1
3512,1
2409,1
3270,1
5209,1
8825,0
1552,1
9317,1
8735,0
3871,1
3402,1
4529,1
979,1
2655,1
1847,1
8181,0
8347,1
7348,1
7505,1
5721,0
515,1
7410,0
8404,1
1102,1
3276,1
8970,1
7596,1
9196,1
8444,1
3996,1
194,1
4711,0
643,1
8497,1
3285,0
3116,1
6666,1
3575,0
9142,0
4320,1
10119,0
2207,1
4552,1
7522,1
3718,0
972,1
4579,1
719,1
8473,1
6155,0
9551,0
3896,1
2803,1
2566,1
4025,1
6198,1
32,1
8414,1
8947,1
9943,0
4063,0
9067,1
5540,0
1697,1
2792,1
2222,1
5818,1
9785,1
3764,0
3866,1
6608,1
8776,1
9057,1
6862,0
7283,1
3758,1
2831,1
3227,0
8016,0
3923,1
3904,0
2277,1
8574,0
1401,1
739,1
4266,1
9987,1
7559,1
7677,1
3851,0
8745,1
2661,1
9902,1
7040,1
674,1
7290,0
6547,0
3841,1
1815,1
8607,1
9963,0
9321,0
4653,1
7518,1
2100,1
7922,1
1673,1
2101,1
4213,1
7237,1
1548,1
7356,1
6593,1
3323,1
7458,1
355,1
5184,1
1461,1
8629,1
9505,1
3220,1
939,1
9279,1
5147,1
6417,1
5923,1
8098,1
1751,1
3976,1
9794,1
1772,1
1196,1
1878,0
2668,1
3171,0
2016,1
2005,0
8379,0
3893,0
10118,0
3237,1
4424,0
4744,1
2078,1
5219,1
396,1
2788,1
7344,0
6696,1
4072,1
5574,1
8720,1
9629,1
5355,1
8723,1
7861,1
7015,1
1519,1
8302,1
1378,1
5672,0
1023,1
2587,1
7719,1
5621,1
7847,1
5008,1
2857,1
8361,1
5771,1
5842,1
9634,1
5832,1
1629,1
4888,0
4526,1
3523,1
5904,1
7995,0
3607,1
9539,1
5220,1
234,1
7969,1
3796,1
4118,0
6318,1
5001,1
3800,0
9919,1
3899,1
5024,1
1948,1
6361,1
470,1
7764,1
3492,0
6091,1
2671,0
9924,1
2224,1
1106,1
2188,1
818,1
5571,0
4523,0
5793,1
9501,1
8894,1
9203,1
2624,1
7903,0
9512,1
10042,1
9239,1
888,1
7466,0
2437,1
6056,1
7905,1
817,1
9053,1
3414,1
6352,1
2341,1
9148,1
3167,1
1809,1
8222,1
1264,1
5086,0
7663,0
5835,1
5194,1
4449,1
4945,1
4045,0
6693,1
3702,1
1035,1
9376,1
5590,1
1228,1
7476,1
7006,1
5141,1
6551,0
52,1
7532,1
6555,1
8579,1
159,1
8438,1
1587,1
1589,0
9966,1
9448,1
7632,1
6786,1
6174,1
8557,1
3858,1
9939,1
9335,1
2828,1
436,1
5789,1
8287,1
3878,1
1588,1
2780,1
9100,0
8674,1
5686,0
3965,1
4727,1
973,1
1238,1
2951,1
2342,1
7510,1
7516,1
6046,1
2158,1
9408,0
6779,1
1497,1
4545,1
6465,0
4257,1
2422,1
8677,1
5185,0
5647,1
357,1
5242,1
2130,1
9360,1
2092,1
5409,1
2015,1
9178,1
4044,1
187,1
7054,1
3655,0
3426,1
7398,1
1381,1
7676,0
413,1
5037,1
4897,1
3336,1
3606,1
3175,1
2241,1
9831,1
9590,1
256,1
7259,1
200,1
2235,1
4743,0
1767,1
4236,1
7122,1
8558,0
7371,1
1572,1
24,1
3363,0
1088,0
4674,1
2694,1
7791,1
3398,0
3559,1
9276,1
2841,1
2311,1
8440,1
3234,0
4152,1
1309,1
695,1
6859,0
3752,1
6337,1
1227,1
1999,0
276,0
7277,0
9950,0
5929,1
2953,0
3637,1
3906,1
4778,1
5845,1
9821,1
4117,0
7228,1
1137,0
2767,1
2334,1
7917,1
942,1
7872,1
2490,1
9802,1
6290,1
4935,1
3935,0
8217,1
2384,1
115,1
1863,1
10103,0
3119,1
4258,1
6896,1
902,1
2819,1
3822,1
7324,0
7087,1
9209,0
4699,0
9036,1
3802,1
6068,1
5810,1
3536,1
3825,1
6642,1
8756,0
8722,1
4810,1
1946,1
8057,1
9828,1
5335,1
3488,1
1610,1
7669,1
7257,1
4677,0
4959,1
5867,1
8877,1
4761,1
2194,1
882,1
5701,1
5113,1
557,1
8240,1
5139,0
1207,1
7231,1
7515,1
1510,1
6962,1
3829,1
3732,0
8174,1
3211,1
3630,1
1708,1
1845,1
266,1
5985,1
1140,1
3162,1
6207,1
2046,1
3730,1
1909,1
10083,1
2660,1
656,1
6660,0
1307,1
8906,1
998,1
7640,1
2834,1
9298,1
5880,1
1237,1
2151,1
8134,1
9818,1
7393,1
8341,1
6578,0
5091,0
2186,0
1134,1
5004,1
8191,1
1303,1
8576,0
1627,1
8074,1
1522,1
9934,1
358,1
138,1
299,1
1556,1
5099,1
382,1
8419,1
7145,1
4857,1
3180,0
1439,1
7336,0
5673,0
946,1
2390,1
5498,0
7273,0
9350,1
2721,1
1932,1
7631,1
3236,1
3140,1
4163,0
9006,1
3807,1
9601,1
7181,1
9022,1
6781,1
7308,1
4154,1
4172,1
796,1
2416,0
7374,1
6139,1
785,0
7267,0
6789,1
3158,1
123,1
9579,1
7134,1
2172,1
2169,1
7076,1
4009,1
9416,0
4340,1
910,1
6268,1
7985,1
2309,1
9781,1
3634,1
1257,0
6591,0
4458,1
6133,1
1178,1
4652,1
6218,0
3650,1
442,1
3415,1
1399,1
1457,1
7733,1
5744,1
1054,1
6976,1
3275,0
1463,1
3699,1
3759,1
929,1
5511,1
6468,0
8520,0
1829,1
2928,1
7475,1
6538,1
4221,1
3546,1
5598,1
9056,1
7524,0
8263,1
2011,1
913,1
8355,1
7471,0
3219,1
2606,1
3264,1
4928,1
8775,1
6564,0
8265,1
6,1
2980,1
6583,0
3361,1
4774,0
1943,1
7660,0
5499,1
1635,1
1141,0
2041,1
6815,1
6703,1
8634,1
2070,1
3134,0
5160,0
6990,1
7975,1
5275,0
2242,1
1474,1
8703,1
1889,1
3435,1
7802,1
7908,1
3705,1
2021,1
4020,1
8946,1
8551,0
3500,1
2658,1
8564,0
7084,1
1130,1
5557,1
7565,1
1819,1
7747,1
7691,1
4318,1
9727,1
4144,0
4669,1
1236,1
5476,1
9961,1
1856,1
2282,1
8807,1
9440,1
4093,1
7261,1
5200,1
6401,1
10055,0
3421,1
9389,0
386,0
8661,0
1628,0
3585,1
7620,1
2714,1
7375,1
8543,0
9441,1
5659,0
6856,1
3189,1
10094,1
4305,1
909,1
5385,1
1996,1
1866,1
1842,1
2497,1
201,1
9518,1
7936,1
5054,1
5889,0
4006,1
10027,1
2702,1
3449,0
331,1
7342,1
9079,1
8377,1
8158,1
2459,1
1774,1
6628,1
7953,0
8199,0
2686,1
9267,1
989,1
7233,1
8455,1
8965,1
6993,1
8663,1
5806,1
8847,1
8811,1
6574,1
3052,1
8751,1
5462,1
173,1
4954,1
4615,0
3321,0
7265,1
6246,0
6745,1
3372,1
6048,1
3311,1
7624,0
7499,0
7793,0
9497,1
8927,1
4551,1
4679,1
3403,1
18,1
3691,1
8768,1
4096,1
3628,1
8979,1
2174,0
1356,0
5002,0
7598,1
6922,1
5823,0
9624,1
5670,1
3112,1
182,1
3642,1
8974,1
1812,1
8089,1
8550,0
4912,1
5668,0
8655,1
1800,1
9371,1
2429,1
5482,1
6761,0
9964,1
7718,1
1968,0
8446,1
8272,1
7907,1
7750,1
7008,1
4987,1
9879,1
4650,0
1159,1
1213,1
7542,1
1325,1
10003,1
7789,1
4796,0
6796,1
5808,1
5943,0
9403,1
9990,1
1455,1
5410,1
7332,1
8536,1
4962,1
2800,1
1644,1
2140,1
4536,0
4457,1
9070,1
5586,1
4378,1
729,1
4357,1
8140,1
6716,1
1936,1
3793,1
3736,1
2261,1
4005,0
1110,1
9147,1
5480,1
2998,1
2394,1
1185,1
2007,1
193,1
5611,1
2901,1
578,1
6219,1
5525,1
771,1
9522,1
2395,1
1478,0
1846,1
9228,0
4274,0
3740,1
4600,1
8247,1
8992,0
6676,1
6375,0
405,1
9660,1
4915,1
2073,1
4754,0
1896,1
8665,0
6702,1
6317,1
3659,1
6581,1
2379,1
1447,1
342,1
5127,1
3136,1
2527,1
727,0
4577,0
976,1
8499,1
5443,0
9153,1
3516,1
8192,1
7156,1
9911,1
3940,0
1299,1
9888,0
1348,1
660,1
5886,0
1492,1
10072,1
4589,1
8642,1
5154,1
2315,1
9737,1
9699,1
7024,1
1085,1
2524,1
7464,1
8653,1
5374,1
3198,1
5751,1
4008,1
5717,1
6657,0
8523,1
8345,1
67,1
8138,1
40,1
2269,1
2381,1
7547,1
8954,1
4916,0
5322,1
5773,1
6232,0
6963,1
3447,1
6816,1
2367,1
7434,1
8286,1
2512,1
9742,1
2723,1
5948,1
9305,1
8690,1
1143,1
9859,0
7155,0
8309,1
8399,1
9340,1
4728,1
5494,1
5755,1
7771,1
9367,1
7230,1
3789,1
2220,1
5075,1
2331,1
5394,1
7647,1
8667,1
7090,1
9456,1
4088,1
1967,1
9108,1
8916,1
6757,1
9708,0
4365,1
6999,1
423,1
280,1
1904,1
595,1
8692,1
3917,1
6142,1
5661,0
5778,1
3618,1
6845,1
839,1
4596,1
8650,1
141,1
2597,1
6701,1
8938,1
1377,1
3674,1
8884,1
10021,0
6362,0
4741,1
3808,0
1138,1
2257,1
8079,1
1787,1
3938,1
8116,1
4646,1
459,1
6115,1
9664,1
948,1
3700,1
1336,1
6370,1
4628,1
7358,1
6286,1
5925,0
5934,1
6040,0
441,1
6659,1
1602,0
2238,1
639,1
9945,1
3830,1
9515,1
6144,1
4219,1
9171,1
6344,1
2501,1
1958,1
1070,1
155,1
2295,1
7991,1
4578,1
1089,1
6049,0
6415,1
2940,1
723,1
4384,1
930,1
2909,1
8059,1
6763,1
8496,0
6416,1
895,1
3247,1
2326,1
7096,1
9035,1
7844,1
9865,1
5038,1
6450,1
4136,1
9368,1
1715,1
1698,1
9813,1
9671,1
10097,1
8331,1
3831,1
6299,1
3348,1
9640,1
985,1
1821,1
4571,1
587,1
9880,1
5077,1
9834,1
8430,1
9644,1
10093,1
5483,1
7959,1
9400,0
5514,1
7796,1
8988,1
5553,0
3557,1
1395,1
264,1
3547,1
6844,1
7837,1
6788,1
3069,1
5025,0
8504,1
3864,1
9191,1
2400,1
6274,1
8593,1
3711,1
246,1
1594,1
9805,0
1529,1
8330,1
923,1
7762,1
7329,1
4364,1
669,1
3604,1
5108,1
1910,1
7276,0
8451,1
5248,1
7183,1
3958,1
6957,0
6026,1
5643,1
2696,1
2591,1
5906,1
1781,1
6509,1
3013,1
7133,0
2307,1
7482,1
3690,1
687,1
6011,0
7071,0
612,1
7167,1
7851,1
3200,1
2267,1
9905,1
6629,1
4135,1
1898,1
9652,1
7929,1
258,1
2924,0
9545,0
4943,1
2822,1
6529,0
3339,1
3525,1
4563,1
9779,1
8123,0
5329,1
5223,1
2285,1
6063,1
4654,0
5000,1
6710,1
9444,0
484,1
2211,1
5416,1
7772,1
2555,1
7,1
3657,1
6411,0
9284,1
4874,1
4402,0
9034,1
5546,1
5297,1
2426,1
6744,1
1814,1
6822,0
9748,1
2274,1
1011,1
1577,1
7264,0
1067,1
1991,1
3970,1
9192,1
5879,1
8538,0
4542,1
9446,1
7193,0
3867,1
9536,1
6823,1
3048,1
7548,1
781,1
6747,1
2675,1
1749,1
6222,0
9243,1
2791,1
6519,1
5774,1
6357,1
4979,0
7797,1
1091,1
6526,1
9477,1
4627,1
2324,1
6534,0
9090,1
5055,0
2608,1
9139,1
2290,1
1727,1
610,1
4666,0
6075,1
5413,0
343,0
4683,1
8899,1
3750,1
8561,1
9427,1
5999,1
3215,1
97,1
7594,0
7875,1
5176,1
7279,1
6165,1
1537,1
3588,0
7627,1
6985,1
3648,1
2657,1
7763,0
1517,1
5061,1
9469,1
4624,0
4272,0
3669,1
6566,1
5800,0
2090,1
7097,1
6171,1
7521,1
572,1
9680,0
4688,0
9193,1
3062,1
7942,1
6470,1
7160,0
6633,1
8600,1
8141,1
7345,1
6304,0
8115,0
9732,1
9725,0
4479,1
4948,0
5976,1
370,1
1938,1
2352,1
7127,1
1753,1
3670,1
7298,0
3652,1
5201,1
8124,1
2361,1
4260,1
5432,1
6285,1
4991,1
7809,1
9584,1
3737,1
7928,1
8672,1
9045,1
8429,1
5591,1
1171,1
7370,1
8153,1
8246,1
1422,1
6782,1
9565,0
6106,1
9470,1
8920,1
6339,1
9283,1
874,1
2297,1
2643,1
7740,1
1719,1
5347,1
5932,1
840,1
10063,1
581,0
204,1
1641,1
2014,1
3253,1
7749,1
905,0
631,1
8528,1
8037,1
1974,1
162,1
4998,1
1243,1
9572,1
7978,1
4713,1
875,1
1431,1
8852,1
6868,0
4643,1
5080,1
5783,1
9258,1
7825,0
7531,1
8225,1
7972,1
9559,1
2856,1
1861,1
2659,1
3384,1
9686,1
9900,1
8249,1
8454,1
7462,1
6886,1
4733,0
3331,1
9125,1
8749,0
6404,1
8453,1
9586,1
7060,1
2096,1
2003,1
8515,1
8868,1
4676,0
5017,1
7469,1
546,1
1449,1
3986,1
6900,0
2610,1
1900,1
3920,1
2757,1
6124,1
6397,0
1885,1
9948,0
5738,0
8781,1
5890,0
2097,1
9576,0
5692,0
499,1
5624,1
836,1
3471,1
4697,1
6280,1
9000,1
2171,1
9351,1
5678,1
9304,1
398,1
2010,1
5166,1
5871,1
9916,0
1283,1
8498,1
2448,1
4256,1
1836,1
9855,1
1019,1
5066,0
1326,1
7773,1
475,0
2810,1
8746,1
1651,1
9734,1
1169,1
2528,1
1206,1
6256,1
8142,1
5469,1
9503,1
431,1
7911,1
867,1
2974,1
5236,0
5093,1
5433,1
541,1
5195,1
1132,1
9962,1
4501,1
6354,1
9453,1
3390,1
3888,1
2962,1
4155,1
3259,1
6302,1
6034,1
8452,1
10062,1
2583,1
2813,1
3959,0
2947,1
6643,1
5174,1
6841,1
8405,1
3586,1
9595,1
8200,0
2563,1
2630,1
3190,1
9483,0
7855,0
5036,0
1080,1
4283,1
5891,1
7085,1
2085,1
6345,0
2452,1
4966,0
2023,1
8242,1
9106,1
8832,1
7321,1
226,1
1013,1
6679,1
1929,1
1043,0
5251,0
1404,1
9770,1
2179,1
697,1
1124,1
7378,1
3895,1
8324,1
5110,1
1778,1
8000,1
2634,1
7187,0
7544,0
7604,0
3489,1
8366,1
1037,1
6093,1
2256,1
8296,1
2613,1
313,1
2649,1
2281,1
6741,1
2979,1
2547,1
5512,1
5132,1
2159,1
7080,0
3137,1
9198,1
5850,1
9991,1
6445,1
3967,1
1428,1
8530,1
2520,1
8051,0
4969,1
1855,1
8747,1
5602,0
7271,1
9994,1
448,1
7914,0
1284,1
5995,1
8114,1
7751,1
3727,1
7353,1
361,1
6279,1
5230,1
9061,0
7295,1
9009,1
7534,1
6251,1
5926,1
5149,0
2460,1
22,1
2066,1
1653,1
702,1
8599,1
2743,1
1376,1
1724,1
2468,1
3754,1
2325,1
460,1
5163,1
4183,1
5526,1
4082,1
1486,1
3678,1
7729,1
282,1
6579,1
4558,1
4308,1
6684,0
4865,1
3537,1
3868,1
7003,1
2581,1
1368,1
9591,1
8303,1
597,1
4351,1
6346,1
9095,1
6379,1
4758,1
646,1
6381,1
7527,1
9820,0
6023,1
9720,1
8171,1
7165,0
3468,1
8011,0
7697,1
2990,1
9527,1
4875,1
2544,1
8708,1
7798,1
5341,0
1567,1
10121,1
4066,1
3988,0
7031,0
2160,1
685,1
7602,1
7998,0
3243,1
5844,1
8288,1
2461,1
4083,0
2837,1
3697,1
7128,0
6267,1
4941,0
5946,1
4583,1
5784,1
4040,1
2230,1
7569,0
935,0
2320,1
4878,0
521,1
522,0
5345,1
10002,1
3359,1
1311,0
3983,0
6494,1
9682,1
1716,1
780,1
9387,1
9910,1
5607,1
5978,1
651,1
3747,1
2196,1
8526,0
369,1
10010,1
4285,1
4214,1
377,1
9568,1
2216,1
8796,1
1613,1
6979,0
7549,1
1827,0
3632,1
962,1
2993,1
6606,0
9795,0
2376,1
8339,0
359,1
3839,0
8295,1
1246,1
7504,1
8456,1
6511,1
5087,1
3694,0
1573,1
6281,1
5439,1
2567,1
3423,1
2037,1
9363,0
772,1
5380,0
9690,1
3562,1
562,1
6683,1
2546,1
5510,1
5330,1
8835,1
4531,1
1674,1
7395,0
365,1
1950,0
8106,1
4327,1
10110,1
147,1
1668,1
3088,1
8961,0
7650,1
407,1
9706,1
7788,1
3456,1
6186,1
4182,1
3576,1
3271,1
4940,1
1031,1
2148,1
6230,1
6592,1
9024,1
9935,1
6724,1
8539,1
8231,1
855,1
3926,1
8660,1
8080,1
78,1
7088,1
2247,1
8370,1
4026,1
10075,1
9693,0
9415,0
714,1
7451,1
788,1
2279,1
4095,1
3897,1
8160,1
7177,1
9195,0
9574,1
3631,0
8738,1
7297,1
6272,1
424,1
392,1
3191,1
16,1
6335,0
4200,1
2672,1
2444,1
6697,1
6164,1
2601,1
3493,1
6044,1
1459,1
3804,1
9970,1
7394,1
4839,0
593,0
3835,0
9433,1
5683,1
8862,1
5827,1
9871,1
7961,1
4724,1
8873,1
5887,1
2355,1
6036,0
4798,1
2442,1
8759,0
4592,1
8886,1
464,1
163,1
9381,1
9978,1
8513,0
9901,1
9600,1
7380,0
6636,1
241,1
2009,1
6356,0
3084,1
6208,1
900,1
5542,0
6007,1
7993,1
7638,1
6793,1
8917,1
7758,1
4837,1
2293,1
6548,1
7898,1
8805,1
4481,1
5302,1
4605,1
3716,1
9190,1
6140,0
1764,1
6598,0
1549,1
3029,1
8767,0
6298,0
6662,1
6626,1
2044,1
767,1
5693,1
7870,0
7857,0
3302,1
4517,1
9197,1
3292,1
1403,1
1382,1
6928,0
5671,0
1638,1
6907,0
6406,1
1179,1
5448,1
5078,0
5175,0
689,0
8969,1
6525,1
9946,0
6488,1
7154,1
8532,0
6610,1
8907,1
4349,1
1884,1
8753,1
2494,1
5947,1
3036,1
5777,1
845,1
7967,1
8594,1
7340,1
9126,1
8397,1
7137,1
2964,1
2529,1
5772,0
1048,0
7045,1
1960,1
2530,1
4917,1
5901,1
4259,1
5656,0
6097,1
5907,0
7373,1
2978,1
8978,1
9421,1
6721,1
7842,1
8880,0
3138,1
10059,1
1826,1
5548,1
560,1
8922,1
5435,1
4437,1
1442,1
4406,0
9655,0
1689,1
9992,0
9113,1
5962,1
2496,1
9658,1
340,1
2408,1
8466,1
5782,1
4576,1
3725,1
2785,0
1012,1
5280,1
4895,1
7121,1
6549,1
4037,0
148,1
285,1
9774,1
8518,1
6770,0
4443,0
7446,1
236,0
9707,1
7123,1
8464,0
3083,1
632,1
6813,1
2493,1
2665,1
8604,1
9099,0
8581,1
4211,1
3874,1
2817,1
8375,1
9940,1
7426,1
9780,1
8584,1
9318,1
1735,1
7397,1
4255,0
8395,1
2475,1
10111,1
3713,1
9097,0
1804,1
707,1
9311,1
5189,0
5472,1
72,1
7843,1
5101,1
6764,0
1125,1
1241,1
8360,0
2349,1
6602,0
6780,1
4358,0
1343,1
10115,1
8793,1
9697,1
6652,1
1100,1
7327,1
7622,1
987,1
2852,1
630,1
1249,1
3179,1
482,1
3040,1
5010,1
8841,1
7000,1
3273,1
7227,1
3683,1
6674,1
6807,1
9861,1
1316,1
3225,1
1072,1
4815,0
8844,1
5752,1
9265,1
4616,1
3097,1
6869,1
1300,1
7285,1
6284,0
5495,1
5291,1
1798,1
5203,1
8227,0
5047,1
6441,1
8105,1
2359,1
9500,1
3654,1
7052,1
1286,1
9246,1
4445,0
2137,1
6787,1
9875,1
8622,1
9547,1
6894,1
8682,1
7151,1
963,1
6012,1
4882,1
140,0
9836,1
6936,1
6542,1
5243,1
4431,1
406,0
8212,1
8483,1
8741,1
8234,1
4399,1
5252,1
11,1
4760,1
1177,1
2863,1
6471,1
6228,1
2989,1
7117,1
7010,1
8670,1
1440,1
9870,1
2875,1
9218,0
8903,0
7232,0
3726,0
2772,1
454,1
8189,1
1367,1
3712,1
9977,0
1388,1
1000,1
7761,0
3553,1
4114,1
1667,1
3173,1
9517,1
488,1
3230,1
3828,1
8765,1
5208,1
7848,1
5704,1
10017,1
8133,1
703,1
5105,0
9011,1
3291,1
8125,0
9754,0
9140,1
4909,1
4440,1
986,1
9356,0
9181,1
7705,0
6257,1
6089,1
5238,1
1198,1
9189,1
7519,1
6812,1
8320,1
7175,0
4470,1
891,1
1969,1
5757,0
6527,1
6294,0
7595,1
3249,1
6570,1
6638,1
7351,1
9292,1
7473,1
9324,1
9627,0
1239,1
2289,1
2740,1
8467,0
4585,0
1229,1
6980,1
5178,1
4293,1
1058,1
6262,1
281,1
968,1
3953,1
1939,1
8572,1
1274,1
619,1
8615,1
1742,0
1390,1
2203,1
3568,1
6116,1
10096,1
6052,1
3178,1
3192,1
6099,1
7029,1
575,1
6656,1
7115,1
8918,1
6276,1
9103,1
5897,1
5724,0
269,1
629,1
3081,1
3466,1
6430,1
9431,1
7062,1
9850,0
5543,1
4356,1
2113,1
8219,1
3216,1
3814,1
8321,1
10058,1
2278,1
4599,1
13,1
9345,1
1525,1
2365,1
4648,0
374,1
9002,1
6477,1
525,1
6895,0
3591,1
7904,1
2958,1
529,1
3714,1
4732,1
1394,1
5631,1
6563,1
4703,1
1712,1
9878,1
955,1
6675,1
3453,1
2071,1
9863,1
158,1
7005,1
352,1
6078,1
6236,1
2920,1
8503,0
4644,1
661,1
7057,1
3665,0
7979,1
306,1
4790,1
2356,1
1927,1
9451,1
3427,1
3638,0
1266,1
1560,1
7179,1
4109,1
7867,1
4904,1
7294,1
514,1
894,1
8601,1
21,0
899,1
207,0
458,1
2430,1
8442,0
3389,1
3911,1
5383,1
552,1
3144,1
6917,1
2056,1
1925,1
634,1
6082,0
8508,1
9390,1
9801,1
8619,1
105,1
3041,1
1709,1
89,1
7014,0
3174,1
917,1
7833,1
6732,1
1949,1
6368,1
1,1
8032,1
6047,1
2720,1
9937,1
3117,1
9587,1
3762,1
213,1
778,1
3496,1
8933,1
2043,0
5420,1
6154,1
8357,0
8821,1
8465,1
4167,1
3788,0
8586,1
583,0
10037,1
10113,0
116,1
6644,0
9152,0
10077,1
9078,1
1763,1
1875,1
3224,1
526,1
7725,1
2946,1
4473,1
5655,1
6059,1
959,1
6342,1
3633,1
1050,1
3380,1
3676,1
5776,1
9164,1
6573,1
5179,1
1607,1
3610,1
9881,1
6635,1
10124,0
791,1
3056,1
1980,1
3598,0
933,1
7424,1
5626,0
1682,1
4179,1
6446,0
4116,0
988,1
2896,1
3778,1
5658,1
3093,1
3155,1
1823,1
9745,1
1098,1
2844,1
3342,1
38,1
6540,1
9468,1
8707,1
3356,1
7813,1
8220,0
9566,0
2428,1
5043,0
5346,1
4811,0
8476,1
686,1
4799,1
7437,1
2353,1
6353,1
4569,0
8213,1
2752,1
8073,1
1040,1
7491,0
1265,1
9385,1
7059,0
277,1
5084,0
2382,1
571,1
1435,1
5352,0
5445,0
1007,1
4543,1
9731,1
2064,1
1136,1
5343,0
294,1
2403,0
3998,0
3741,1
9342,1
2719,1
9319,1
5150,1
2808,1
556,1
9044,1
4795,0
2469,1
3738,1
4286,0
2604,1
362,1
6924,0
1704,1
2139,1
3239,1
2383,1
7314,1
4311,1
1312,1
3930,1
6183,1
1591,1
9507,1
2162,0
2396,1
317,1
5233,1
5068,1
4036,0
3020,1
8228,1
5295,1
3972,1
5370,1
4133,0
974,1
7291,0
954,1
9426,1
5016,0
9853,1
7490,1
1640,1
1290,1
1380,1
1933,1
4675,1
892,1
7287,0
4876,1
7906,0
8194,1
9499,1
2466,1
7657,1
1913,1
2736,1
726,1
7214,1
8245,1
1796,1
3845,1
6402,0
936,1
2265,0
824,1
7274,1
1389,1
3564,1
5429,1
7827,1
5690,1
7878,1
1868,1
8202,0
7486,1
806,1
4805,0
9272,1
7511,1
8056,1
4494,1
2632,1
9018,1
8623,0
7832,1
4388,0
145,0
6467,1
2033,1
9247,1
1165,1
2050,1
3760,1
4435,0
3430,1
8190,1
9646,1
7069,1
4361,1
1771,1
3511,1
271,1
8436,1
2032,0
9787,0
3810,0
4346,1
545,1
3241,1
8502,1
10044,1
7564,1
920,1
9238,1
6640,0
7694,1
8230,1
7126,0
4278,1
2983,1
130,1
7980,1
2667,1
7138,1
3223,1
7693,1
5392,1
614,1
10028,1
1466,0
4497,1
3042,1
2419,1
5085,0
3294,1
6737,1
1500,1
1521,1
9237,1
4232,1
7686,0
8820,0
4430,1
390,1
9983,1
7124,1
5913,1
8592,1
4806,1
9073,1
8238,1
8044,0
9906,0
3993,1
9673,1
6609,1
5319,1
9967,1
7119,1
2421,1
5604,1
1750,1
9134,1
9841,1
338,1
8407,1
1341,1
9666,1
7982,1
3640,1
329,1
8944,1
3004,1
6960,1
4090,1
2322,1
6667,0
7009,0
4197,1
3549,1
8363,1
4203,1
9430,1
9055,1
6185,1
1639,1
60,1
1240,1
5760,1
5136,1
2343,1
2120,1
1524,1
7617,1
153,1
481,1
6122,1
7674,1
7101,1
1762,1
8942,1
7715,1
9200,0
7479,1
6212,1
4853,1
2711,1
6766,1
4150,0
1333,1
8378,0
9509,1
9830,1
9241,1
3850,1
8340,1
4124,1
9082,1
4788,0
2866,1
1386,1
5941,0
3067,1
9177,1
3629,0
9577,1
9068,0
3028,1
2969,1
8646,1
6136,1
8801,1
4263,1
645,1
9776,0
2074,1
341,1
8041,0
1622,1
7141,1
5796,1
7184,1
8232,1
5475,1
9372,1
74,1
10020,0
8633,1
9349,1
2051,1
2541,1
1301,1
5877,1
7368,1
1304,1
8428,1
9213,1
2599,1
2573,1
3186,1
2768,1
4831,1
4223,1
9772,1
2106,1
2679,1
1387,1
9050,1
9782,0
7083,1
1279,1
804,1
1555,1
9608,1
4566,1
9792,1
4841,1
3594,0
6035,1
6852,1
8705,1
4177,0
1308,1
3452,0
3695,1
4242,1
2198,1
8966,1
4425,1
6150,1
943,1
822,1
5005,1
6612,1
8356,1
5619,0
4547,1
2538,1
5207,1
9636,1
9128,1
3054,1
3675,1
7776,1
7218,0
6722,1
3300,1
3310,0
7221,1
8519,1
5954,1
832,1
3462,1
7643,1
54,0
3451,1
6305,1
1481,1
4873,1
8038,1
3335,1
6016,1
4926,0
5797,1
9956,1
5083,1
6645,1
5490,1
768,1
2065,1
9622,1
7311,1
8477,1
4524,1
2717,1
2079,1
8914,1
951,1
8058,1
2482,1
1759,1
4422,1
6704,1
5182,0
8533,1
3701,1
4243,1
688,1
3432,1
4944,1
966,1
9606,1
2713,1
4757,1
9667,1
6320,1
5975,1
3572,1
5299,1
1990,1
1205,1
4971,1
6783,0
3600,1
6490,1
8609,1
10105,0
8070,1
8577,1
7973,0
1625,1
536,1
8766,1
7970,0
4212,1
6456,1
3507,1
8393,1
7112,1
2708,1
5031,1
6514,1
4662,1
4021,0
1854,1
9546,1
2872,1
3030,1
1645,1
3417,1
3476,1
9674,1
1792,1
3797,1
3368,1
7196,0
9764,1
5109,1
6024,1
8795,1
9414,1
126,1
5959,1
3876,1
4451,0
7147,1
3531,1
827,1
7790,1
984,1
7783,0
2443,1
8554,0
345,1
814,1
6166,1
5779,1
2116,1
793,1
6898,1
2674,1
94,1
4225,1
3756,1
2891,1
2371,1
9508,1
3228,1
7863,1
6359,1
9316,1
7326,1
6028,1
1865,1
4612,1
2645,1
2243,1
5373,1
2336,1
950,1
1120,0
2204,1
419,1
922,0
8669,1
5408,1
5788,1
5742,1
7667,0
5567,1
8135,1
1202,0
5765,0
8389,0
1970,1
4018,1
3687,1
1997,1
4033,1
1248,1
2192,1
2712,1
9184,1
2190,1
4670,1
5142,0
5984,1
6565,1
7804,1
6943,1
2136,1
1065,1
600,1
4227,1
7577,1
77,1
7546,1
2898,1
4820,1
9422,1
6413,1
9064,1
8007,1
5468,1
5951,1
3391,1
5415,0
2560,1
8162,1
2635,1
5256,1
3530,1
8567,0
1908,1
235,1
1604,1
7984,1
3490,1
1994,1
2824,1
9405,1
1342,1
8512,1
1619,1
5287,0
2060,1
10081,1
2219,1
6038,1
260,1
9485,0
9093,1
3744,1
2026,1
6988,1
4234,1
1917,0
1828,1
6233,1
9452,1
6283,1
4208,1
224,1
8915,1
6469,0
9534,1
846,0
4289,1
5560,1
2551,1
117,1
8837,1
5966,0
8195,1
8659,1
7489,0
5,1
5342,1
9111,1
4324,1
1063,1
2590,1
8434,1
3735,1
3517,1
6986,1
6767,1
5622,1
1605,1
1733,1
9461,0
3812,1
9747,0
1761,1
5401,1
2739,0
2472,1
6738,1
6891,0
7943,0
4206,1
6371,1
232,1
8258,1
7561,1
6168,1
3596,0
6288,1
4632,1
125,1
7641,1
6229,1
1296,1
1976,1
9602,0
9557,0
5750,1
8152,0
3086,0
9396,1
6882,1
9425,1
7673,1
3345,1
8172,1
9542,1
5870,1
6506,0
2797,1
918,1
1646,1
5122,1
5126,1
4621,1
6809,1
364,1
2125,1
8150,1
8717,1
55,1
638,1
302,1
5811,0
1276,1
4432,1
3644,1
4143,1
2878,1
6493,1
5240,0
9528,1
6937,1
7240,1
2593,1
2393,1
523,1
6376,1
6981,1
6677,1
3900,1
9757,1
5585,1
9480,1
7956,1
7570,1
6777,0
671,1
4188,1
666,1
3266,1
1887,1
8472,0
9091,1
7687,1
6031,1
6090,1
6238,1
7350,0
7830,1
760,1
6254,1
1906,1
3818,1
6269,1
4300,1
5569,1
7941,1
4164,1
5971,1
3579,1
2832,1
5449,1
3472,0
6327,1
137,1
7043,1
4892,1
2180,1
7730,1
3177,1
4854,1
4637,1
5115,0
7648,1
4261,1
1331,1
7002,1
6941,1
8017,1
6241,1
10114,1
6881,1
4530,1
4673,1
6996,1
1252,1
3374,1
2814,1
4719,1
6544,0
4858,1
7901,0
8580,1
8427,1
1077,1
4363,1
770,1
8865,1
249,1
7239,1
3419,1
4976,1
4544,1
5565,1
7939,1
716,1
9775,1
2048,1
5997,1
6600,1
7245,1
4178,1
4809,1
9604,1
7140,1
7190,1
1460,1
5989,1
2000,1
8175,1
404,1
384,1
9570,0
9609,1
1633,1
9677,1
4784,1
9578,0
6970,0
3925,1
4158,1
7449,1
8415,1
2193,1
1015,1
5124,1
7418,0
7409,0
8989,1
2871,1
9,1
1838,1
4804,1
255,1
7026,1
5713,1
3324,1
7714,1
1581,1
924,1
2779,1
7891,1
6132,1
5320,1
7312,1
7102,1
6042,1
3775,1
4835,1
4964,1
539,1
7483,0
2745,1
3719,1
6819,1
9337,0
4468,1
667,1
7575,1
8549,1
5063,1
1353,1
7114,1
9897,0
8662,1
2703,1
3330,1
8053,1
3584,0
9563,1
5645,1
3376,0
1256,1
6190,0
9442,1
5348,1
4175,1
4910,1
1852,1
6316,1
9979,1
2105,1
133,1
5029,1
928,1
823,1
7576,1
1531,1
1214,1
504,1
6530,1
3072,1
9086,1
8647,1
6619,1
9273,1
3709,1
9703,1
4849,1
4748,0
4268,1
10004,1
8905,0
4186,1
5301,0
2923,1
6588,1
1810,1
3486,1
7419,0
3141,1
9347,1
1324,1
4312,1
7494,1
8702,1
8691,1
9625,0
5541,0
6172,1
1540,1
9409,0
2681,1
10008,0
6313,1
1191,1
5293,1
1542,1
7056,1
2539,1
953,1
7241,0
6731,0
4846,1
6801,0
8010,1
4330,1
8924,1
5334,0
7330,0
9348,1
4729,1
6541,0
5305,1
5161,0
7860,1
2156,1
1062,0
1167,1
3636,1
7651,1
5588,0
7192,1
4491,1
7266,0
4980,1
8335,1
10078,1
4946,0
2782,1
717,0
2502,1
4360,1
4171,1
8082,1
9884,1
395,1
7186,1
9947,1
4492,1
1365,1
9648,1
8787,1
5917,1
4968,1
2914,1
5644,1
3766,0
3440,1
7357,1
6806,1
2143,1
5104,1
5073,1
1571,1
4079,1
1122,1
2786,1
2967,0
2504,1
5988,1
8867,1
7164,1
728,0
7587,1
7543,1
412,1
5745,1
7668,1
825,1
3267,1
3974,1
8808,1
8306,1
417,1
6748,1
8967,0
2082,1
8945,1
3373,1
5726,1
4107,1
4380,1
7723,1
1066,1
3913,1
5536,1
8002,1
5387,1
5732,1
2738,1
5052,1
4000,1
2427,1
6833,1
1687,1
851,1
6303,1
9087,0
5878,0
8527,1
2839,1
4611,1
9540,0
9207,1
2489,1
6905,1
7390,0
2849,0
6665,1
5881,1
4452,1
7421,0
6484,0
2479,1
6617,0
2141,1
5188,1
9827,1
2744,1
7253,0
3506,1
1679,1
4249,0
3147,1
8130,1
7004,1
580,0
9662,1
4070,1
3343,1
7404,1
3672,0
559,0
5237,1
7805,1
512,1
1081,1
1664,1
9204,1
1931,1
9981,1
1150,1
2838,1
5949,1
8308,1
8932,1
9912,1
5177,0
830,1
8311,1
4752,1
9844,1
635,1
4465,1
6799,1
7987,1
7079,1
6966,1
4142,0
7027,1
9183,0
876,1
4869,0
5315,1
5222,1
4,1
3051,1
5691,1
3124,1
2491,1
3854,1
4777,1
7509,1
6457,1
6293,1
1148,1
574,1
3769,1
4146,1
853,1
5919,0
9358,0
6614,1
6002,0
9163,0
4495,1
8173,1
6655,1
2368,1
4780,1
7992,1
2950,1
5625,0
6971,1
8716,0
1841,1
5986,0
537,0
2806,1
5801,0
5596,1
7206,1
7343,1
7560,1
8096,1
784,1
1409,1
154,1
7806,0
3009,1
1686,1
4014,1
7455,1
3863,1
2733,1
1895,1
5442,1
569,1
6709,1
5854,1
1816,1
8319,0
3394,1
3327,1
10109,1
6102,1
2975,1
980,1
190,1
9331,1
5088,1
699,1
9883,0
606,1
301,1
3420,1
9928,1
1060,1
3444,1
1069,1
2205,1
9435,0
7339,1
8208,0
7679,1
4642,0
7683,0
9007,1
7996,0
5600,1
9151,1
7022,1
4893,1
225,1
3354,0
5895,1
8754,1
3436,0
1693,0
6893,0
1045,1
3446,1
8050,0
9146,1
10108,0
4735,0
4496,0
1218,1
6015,1
9719,1
3987,1
4911,1
9492,0
4493,0
6944,0
5699,1
8352,1
956,1
2869,1
4433,1
4973,1
2961,1
2200,1
98,1
9974,1
2557,1
8445,0
4199,1
9637,1
5539,1
1648,1
6197,1
6295,0
4499,1
1154,1
2255,1
9874,1
3170,1
7400,1
7158,1
3108,1
4548,1
5423,1
2049,1
9208,1
8815,1
9921,0
262,1
4061,1
5534,1
6616,1
8120,0
8155,1
1802,1
4736,1
2385,1
6694,1
5759,1
1959,1
2976,1
8680,1
1843,1
1734,1
2911,1
8338,1
1986,1
9561,0
6546,0
7098,1
2811,1
659,0
2511,0
4282,0
9339,1
8800,1
6287,1
1930,1
7125,1
197,1
7777,1
2931,1
8004,1
2327,1
4389,1
8958,1
4218,1
202,1
3510,1
4931,1
5535,1
9925,1
5791,1
1707,0
5172,1
5249,1
6528,1
9973,1
5855,0
8164,1
854,0
4737,1
698,1
3696,1
1636,1
7280,0
7554,1
3581,1
1291,1
6585,1
1853,1
5232,1
3763,1
3304,1
1495,1
7994,1
1998,1
663,1
3748,1
4413,1
5530,0
5575,1
8901,1
7526,1
9474,0
5864,1
6776,1
1306,1
7392,1
5592,0
9721,1
1663,1
5450,0
10080,1
3627,1
2693,1
9789,1
5915,0
3157,0
9914,1
6668,1
1059,1
4636,1
3242,1
1678,1
6892,1
6374,1
7574,1
1757,1
6019,1
5116,0
8755,1
7408,1
2790,1
863,1
7858,0
1484,1
7035,1
7721,1
5977,1
5134,1
206,0
4488,1
6938,1
9062,1
6910,1
502,1
7385,1
1028,1
3840,1
8110,0
5056,1
9762,1
8154,1
2731,1
8996,1
2454,1
7215,1
3104,1
8392,1
6278,1
3099,1
6184,1
3561,0
5892,0
391,1
6736,1
5618,0
5258,1
9687,0
2695,1
2027,1
5463,1
2568,1
8006,1
64,1
2062,1
5276,1
7208,1
8684,1
8571,1
6331,1
4859,1
4887,0
9268,0
878,1
8529,1
7916,1
6863,1
7892,1
6439,1
7869,1
1016,1
9467,1
7629,1
995,1
4297,1
161,1
5675,1
6873,1
9692,1
7989,1
3843,1
1021,1
3073,1
7555,1
3943,1
1585,1
3152,1
8226,1
775,0
9670,1
7099,1
5486,1
6235,0
9555,1
7041,1
2612,1
7513,1
8433,0
8792,1
5393,1
8838,1
3890,1
3556,1
1528,1
1267,1
7734,1
1899,1
4658,1
3005,1
2734,1
189,1
9998,1
9167,1
2747,1
2047,1
7849,0
2558,1
9274,1
8666,1
6396,0
3385,1
4555,1
1184,1
6420,0
5051,1
5311,1
2433,1
6949,1
769,1
1685,1
8322,1
5578,1
4426,1
466,1
6265,0
5734,0
5191,0
5390,1
860,1
7270,1
