,SEASON_YEAR,PLAYER_ID,PLAYER_NAME,TEAM_ID,TEAM_ABBREVIATION,TEAM_NAME,GAME_ID,GAME_DATE,MATCHUP,WL,MIN,FGM,FGA,FG_PCT,FG3M,FG3A,FG3_PCT,FTM,FTA,FT_PCT,OREB,DREB,REB,AST,TOV,STL,BLK,BLKA,PF,PFD,PTS,PLUS_MINUS,DD2,TD3,Game_Type,UID_STG,PIE,PER,SALARY
0,2019-20,1628378,Donovan Mitchell,1610612761,TOR,Toronto Raptors,21900500,2019-12-31T00:00:00,TOR vs. CLE,W,34.14690860215052,8.383064516129032,19.137096774193548,0.43537903225806435,2.4879032258064515,6.971774193548387,0.34543548387096773,3.846774193548387,4.633064516129032,0.7325725806451615,0.75,3.4475806451612905,4.19758064516129,4.044354838709677,2.818548387096774,1.310483870967742,0.3185483870967742,1.0806451612903225,2.6370967741935485,3.745967741935484,23.100806451612904,3.2983870967741935,0,0,Regular Season,2019-2016106127610021900500,16.02609397414303,20.206097506408277,
1,2019-20,1628378,Donovan Mitchell,1610612761,TOR,Toronto Raptors,21900381,2019-12-14T00:00:00,TOR vs. BKN,W,34.14690860215052,8.383064516129032,19.137096774193548,0.43537903225806435,2.4879032258064515,6.971774193548387,0.34543548387096773,3.846774193548387,4.633064516129032,0.7325725806451615,0.75,3.4475806451612905,4.19758064516129,4.044354838709677,2.818548387096774,1.310483870967742,0.3185483870967742,1.0806451612903225,2.6370967741935485,3.745967741935484,23.100806451612904,3.2983870967741935,0,0,Regular Season,2019-2016106127610021900381,16.02609397414303,20.206097506408277,
2,2019-20,1628378,Donovan Mitchell,1610612761,TOR,Toronto Raptors,21900291,2019-12-01T00:00:00,TOR vs. UTA,W,34.14690860215052,8.383064516129032,19.137096774193548,0.43537903225806435,2.4879032258064515,6.971774193548387,0.34543548387096773,3.846774193548387,4.633064516129032,0.7325725806451615,0.75,3.4475806451612905,4.19758064516129,4.044354838709677,2.818548387096774,1.310483870967742,0.3185483870967742,1.0806451612903225,2.6370967741935485,3.745967741935484,23.100806451612904,3.2983870967741935,0,0,Regular Season,2019-2016106127610021900291,16.02609397414303,20.206097506408277,
3,2019-20,1628378,Donovan Mitchell,1610612761,TOR,Toronto Raptors,21900258,2019-11-27T00:00:00,TOR vs. NYK,W,34.14690860215052,8.383064516129032,19.137096774193548,0.43537903225806435,2.4879032258064515,6.971774193548387,0.34543548387096773,3.846774193548387,4.633064516129032,0.7325725806451615,0.75,3.4475806451612905,4.19758064516129,4.044354838709677,2.818548387096774,1.310483870967742,0.3185483870967742,1.0806451612903225,2.6370967741935485,3.745967741935484,23.100806451612904,3.2983870967741935,0,0,Regular Season,2019-2016106127610021900258,16.02609397414303,20.206097506408277,
4,2019-20,204002,Edy Tavares,1610612761,TOR,Toronto Raptors,21900959,2020-03-09T00:00:00,TOR @ UTA,W,24.0,3.0,4.0,0.75,0.0,0.0,0.0,0.0,1.0,0.0,4.0,6.0,10.0,1.0,2.0,0.0,6.0,0.0,3.0,1.0,6.0,4.0,0,0,Regular Season,2019-2016106127610021900959,17.05426356589147,23.08133333333333,4000000.0
5,2019-20,204002,Edy Tavares,1610612761,TOR,Toronto Raptors,21900956,2020-03-08T00:00:00,TOR @ SAC,W,24.0,3.0,4.0,0.75,0.0,0.0,0.0,0.0,1.0,0.0,4.0,6.0,10.0,1.0,2.0,0.0,6.0,0.0,3.0,1.0,6.0,4.0,0,0,Regular Season,2019-2016106127610021900956,17.05426356589147,23.08133333333333,4000000.0
6,2019-20,204002,Edy Tavares,1610612761,TOR,Toronto Raptors,21900929,2020-03-05T00:00:00,TOR @ GSW,W,24.0,3.0,4.0,0.75,0.0,0.0,0.0,0.0,1.0,0.0,4.0,6.0,10.0,1.0,2.0,0.0,6.0,0.0,3.0,1.0,6.0,4.0,0,0,Regular Season,2019-2016106127610021900929,17.05426356589147,23.08133333333333,4000000.0
7,2019-20,204002,Edy Tavares,1610612761,TOR,Toronto Raptors,21900914,2020-03-03T00:00:00,TOR @ PHX,W,24.0,3.0,4.0,0.75,0.0,0.0,0.0,0.0,1.0,0.0,4.0,6.0,10.0,1.0,2.0,0.0,6.0,0.0,3.0,1.0,6.0,4.0,0,0,Regular Season,2019-2016106127610021900914,17.05426356589147,23.08133333333333,4000000.0
8,2019-20,204002,Edy Tavares,1610612761,TOR,Toronto Raptors,21900898,2020-03-01T00:00:00,TOR @ DEN,L,24.0,3.0,4.0,0.75,0.0,0.0,0.0,0.0,1.0,0.0,4.0,6.0,10.0,1.0,2.0,0.0,6.0,0.0,3.0,1.0,6.0,4.0,0,0,Regular Season,2019-2016106127610021900898,17.05426356589147,23.08133333333333,4000000.0
9,2019-20,204002,Edy Tavares,1610612761,TOR,Toronto Raptors,21900879,2020-02-28T00:00:00,TOR vs. CHA,L,24.0,3.0,4.0,0.75,0.0,0.0,0.0,0.0,1.0,0.0,4.0,6.0,10.0,1.0,2.0,0.0,6.0,0.0,3.0,1.0,6.0,4.0,0,0,Regular Season,2019-2016106127610021900879,17.05426356589147,23.08133333333333,4000000.0
10,2019-20,204002,Edy Tavares,1610612761,TOR,Toronto Raptors,21900809,2020-02-12T00:00:00,TOR @ BKN,L,24.0,3.0,4.0,0.75,0.0,0.0,0.0,0.0,1.0,0.0,4.0,6.0,10.0,1.0,2.0,0.0,6.0,0.0,3.0,1.0,6.0,4.0,0,0,Regular Season,2019-2016106127610021900809,17.05426356589147,23.08133333333333,4000000.0
11,2019-20,204002,Edy Tavares,1610612761,TOR,Toronto Raptors,21900796,2020-02-10T00:00:00,TOR vs. MIN,W,24.0,3.0,4.0,0.75,0.0,0.0,0.0,0.0,1.0,0.0,4.0,6.0,10.0,1.0,2.0,0.0,6.0,0.0,3.0,1.0,6.0,4.0,0,0,Regular Season,2019-2016106127610021900796,17.05426356589147,23.08133333333333,4000000.0
12,2019-20,204002,Edy Tavares,1610612761,TOR,Toronto Raptors,21900781,2020-02-08T00:00:00,TOR vs. BKN,W,24.0,3.0,4.0,0.75,0.0,0.0,0.0,0.0,1.0,0.0,4.0,6.0,10.0,1.0,2.0,0.0,6.0,0.0,3.0,1.0,6.0,4.0,0,0,Regular Season,2019-2016106127610021900781,17.05426356589147,23.08133333333333,4000000.0
13,2019-20,204002,Edy Tavares,1610612761,TOR,Toronto Raptors,21900772,2020-02-07T00:00:00,TOR @ IND,W,24.0,3.0,4.0,0.75,0.0,0.0,0.0,0.0,1.0,0.0,4.0,6.0,10.0,1.0,2.0,0.0,6.0,0.0,3.0,1.0,6.0,4.0,0,0,Regular Season,2019-2016106127610021900772,17.05426356589147,23.08133333333333,4000000.0
14,2019-20,204002,Edy Tavares,1610612761,TOR,Toronto Raptors,21900758,2020-02-05T00:00:00,TOR vs. IND,W,24.0,3.0,4.0,0.75,0.0,0.0,0.0,0.0,1.0,0.0,4.0,6.0,10.0,1.0,2.0,0.0,6.0,0.0,3.0,1.0,6.0,4.0,0,0,Regular Season,2019-2016106127610021900758,17.05426356589147,23.08133333333333,4000000.0
15,2019-20,204002,Edy Tavares,1610612761,TOR,Toronto Raptors,21900740,2020-02-02T00:00:00,TOR vs. CHI,W,24.0,3.0,4.0,0.75,0.0,0.0,0.0,0.0,1.0,0.0,4.0,6.0,10.0,1.0,2.0,0.0,6.0,0.0,3.0,1.0,6.0,4.0,0,0,Regular Season,2019-2016106127610021900740,17.05426356589147,23.08133333333333,4000000.0
16,2019-20,204002,Edy Tavares,1610612761,TOR,Toronto Raptors,21900720,2020-01-31T00:00:00,TOR @ DET,W,24.0,3.0,4.0,0.75,0.0,0.0,0.0,0.0,1.0,0.0,4.0,6.0,10.0,1.0,2.0,0.0,6.0,0.0,3.0,1.0,6.0,4.0,0,0,Regular Season,2019-2016106127610021900720,17.05426356589147,23.08133333333333,4000000.0
17,2019-20,204002,Edy Tavares,1610612761,TOR,Toronto Raptors,21900714,2020-01-30T00:00:00,TOR @ CLE,W,24.0,3.0,4.0,0.75,0.0,0.0,0.0,0.0,1.0,0.0,4.0,6.0,10.0,1.0,2.0,0.0,6.0,0.0,3.0,1.0,6.0,4.0,0,0,Regular Season,2019-2016106127610021900714,17.05426356589147,23.08133333333333,4000000.0
18,2019-20,204002,Edy Tavares,1610612761,TOR,Toronto Raptors,21900660,2020-01-22T00:00:00,TOR vs. PHI,W,24.0,3.0,4.0,0.75,0.0,0.0,0.0,0.0,1.0,0.0,4.0,6.0,10.0,1.0,2.0,0.0,6.0,0.0,3.0,1.0,6.0,4.0,0,0,Regular Season,2019-2016106127610021900660,17.05426356589147,23.08133333333333,4000000.0
19,2019-20,204002,Edy Tavares,1610612761,TOR,Toronto Raptors,21900640,2020-01-20T00:00:00,TOR @ ATL,W,24.0,3.0,4.0,0.75,0.0,0.0,0.0,0.0,1.0,0.0,4.0,6.0,10.0,1.0,2.0,0.0,6.0,0.0,3.0,1.0,6.0,4.0,0,0,Regular Season,2019-2016106127610021900640,17.05426356589147,23.08133333333333,4000000.0
20,2019-20,204002,Edy Tavares,1610612761,TOR,Toronto Raptors,21900632,2020-01-18T00:00:00,TOR @ MIN,W,24.0,3.0,4.0,0.75,0.0,0.0,0.0,0.0,1.0,0.0,4.0,6.0,10.0,1.0,2.0,0.0,6.0,0.0,3.0,1.0,6.0,4.0,0,0,Regular Season,2019-2016106127610021900632,17.05426356589147,23.08133333333333,4000000.0
21,2019-20,204002,Edy Tavares,1610612761,TOR,Toronto Raptors,21900621,2020-01-17T00:00:00,TOR vs. WAS,W,24.0,3.0,4.0,0.75,0.0,0.0,0.0,0.0,1.0,0.0,4.0,6.0,10.0,1.0,2.0,0.0,6.0,0.0,3.0,1.0,6.0,4.0,0,0,Regular Season,2019-2016106127610021900621,17.05426356589147,23.08133333333333,4000000.0
22,2019-20,204002,Edy Tavares,1610612761,TOR,Toronto Raptors,21900609,2020-01-15T00:00:00,TOR @ OKC,W,24.0,3.0,4.0,0.75,0.0,0.0,0.0,0.0,1.0,0.0,4.0,6.0,10.0,1.0,2.0,0.0,6.0,0.0,3.0,1.0,6.0,4.0,0,0,Regular Season,2019-2016106127610021900609,17.05426356589147,23.08133333333333,4000000.0
23,2019-20,204002,Edy Tavares,1610612761,TOR,Toronto Raptors,21900587,2020-01-12T00:00:00,TOR vs. SAS,L,24.0,3.0,4.0,0.75,0.0,0.0,0.0,0.0,1.0,0.0,4.0,6.0,10.0,1.0,2.0,0.0,6.0,0.0,3.0,1.0,6.0,4.0,0,0,Regular Season,2019-2016106127610021900587,17.05426356589147,23.08133333333333,4000000.0
24,2019-20,204002,Edy Tavares,1610612761,TOR,Toronto Raptors,21900555,2020-01-08T00:00:00,TOR @ CHA,W,24.0,3.0,4.0,0.75,0.0,0.0,0.0,0.0,1.0,0.0,4.0,6.0,10.0,1.0,2.0,0.0,6.0,0.0,3.0,1.0,6.0,4.0,0,0,Regular Season,2019-2016106127610021900555,17.05426356589147,23.08133333333333,4000000.0
25,2019-20,204002,Edy Tavares,1610612761,TOR,Toronto Raptors,21900549,2020-01-07T00:00:00,TOR vs. POR,L,24.0,3.0,4.0,0.75,0.0,0.0,0.0,0.0,1.0,0.0,4.0,6.0,10.0,1.0,2.0,0.0,6.0,0.0,3.0,1.0,6.0,4.0,0,0,Regular Season,2019-2016106127610021900549,17.05426356589147,23.08133333333333,4000000.0
26,2019-20,204002,Edy Tavares,1610612761,TOR,Toronto Raptors,21900524,2020-01-04T00:00:00,TOR @ BKN,W,24.0,3.0,4.0,0.75,0.0,0.0,0.0,0.0,1.0,0.0,4.0,6.0,10.0,1.0,2.0,0.0,6.0,0.0,3.0,1.0,6.0,4.0,0,0,Regular Season,2019-2016106127610021900524,17.05426356589147,23.08133333333333,4000000.0
27,2019-20,204002,Edy Tavares,1610612761,TOR,Toronto Raptors,21900510,2020-01-02T00:00:00,TOR @ MIA,L,24.0,3.0,4.0,0.75,0.0,0.0,0.0,0.0,1.0,0.0,4.0,6.0,10.0,1.0,2.0,0.0,6.0,0.0,3.0,1.0,6.0,4.0,0,0,Regular Season,2019-2016106127610021900510,17.05426356589147,23.08133333333333,4000000.0
28,2019-20,204002,Edy Tavares,1610612761,TOR,Toronto Raptors,21900500,2019-12-31T00:00:00,TOR vs. CLE,W,24.0,3.0,4.0,0.75,0.0,0.0,0.0,0.0,1.0,0.0,4.0,6.0,10.0,1.0,2.0,0.0,6.0,0.0,3.0,1.0,6.0,4.0,0,0,Regular Season,2019-2016106127610021900500,17.05426356589147,23.08133333333333,4000000.0
29,2019-20,204002,Edy Tavares,1610612761,TOR,Toronto Raptors,21900486,2019-12-29T00:00:00,TOR vs. OKC,L,24.0,3.0,4.0,0.75,0.0,0.0,0.0,0.0,1.0,0.0,4.0,6.0,10.0,1.0,2.0,0.0,6.0,0.0,3.0,1.0,6.0,4.0,0,0,Regular Season,2019-2016106127610021900486,17.05426356589147,23.08133333333333,4000000.0
30,2019-20,204002,Edy Tavares,1610612761,TOR,Toronto Raptors,21900473,2019-12-28T00:00:00,TOR @ BOS,W,24.0,3.0,4.0,0.75,0.0,0.0,0.0,0.0,1.0,0.0,4.0,6.0,10.0,1.0,2.0,0.0,6.0,0.0,3.0,1.0,6.0,4.0,0,0,Regular Season,2019-2016106127610021900473,17.05426356589147,23.08133333333333,4000000.0
31,2019-20,204002,Edy Tavares,1610612761,TOR,Toronto Raptors,21900455,2019-12-25T00:00:00,TOR vs. BOS,L,24.0,3.0,4.0,0.75,0.0,0.0,0.0,0.0,1.0,0.0,4.0,6.0,10.0,1.0,2.0,0.0,6.0,0.0,3.0,1.0,6.0,4.0,0,0,Regular Season,2019-2016106127610021900455,17.05426356589147,23.08133333333333,4000000.0
32,2019-20,204002,Edy Tavares,1610612761,TOR,Toronto Raptors,21900446,2019-12-23T00:00:00,TOR @ IND,L,24.0,3.0,4.0,0.75,0.0,0.0,0.0,0.0,1.0,0.0,4.0,6.0,10.0,1.0,2.0,0.0,6.0,0.0,3.0,1.0,6.0,4.0,0,0,Regular Season,2019-2016106127610021900446,17.05426356589147,23.08133333333333,4000000.0
33,2019-20,204002,Edy Tavares,1610612761,TOR,Toronto Raptors,21900439,2019-12-22T00:00:00,TOR vs. DAL,W,24.0,3.0,4.0,0.75,0.0,0.0,0.0,0.0,1.0,0.0,4.0,6.0,10.0,1.0,2.0,0.0,6.0,0.0,3.0,1.0,6.0,4.0,0,0,Regular Season,2019-2016106127610021900439,17.05426356589147,23.08133333333333,4000000.0
34,2019-20,204002,Edy Tavares,1610612761,TOR,Toronto Raptors,21900423,2019-12-20T00:00:00,TOR vs. WAS,W,24.0,3.0,4.0,0.75,0.0,0.0,0.0,0.0,1.0,0.0,4.0,6.0,10.0,1.0,2.0,0.0,6.0,0.0,3.0,1.0,6.0,4.0,0,0,Regular Season,2019-2016106127610021900423,17.05426356589147,23.08133333333333,4000000.0
35,2019-20,204002,Edy Tavares,1610612761,TOR,Toronto Raptors,21900408,2019-12-18T00:00:00,TOR @ DET,W,24.0,3.0,4.0,0.75,0.0,0.0,0.0,0.0,1.0,0.0,4.0,6.0,10.0,1.0,2.0,0.0,6.0,0.0,3.0,1.0,6.0,4.0,0,0,Regular Season,2019-2016106127610021900408,17.05426356589147,23.08133333333333,4000000.0
36,2019-20,204002,Edy Tavares,1610612761,TOR,Toronto Raptors,21900395,2019-12-16T00:00:00,TOR vs. CLE,W,24.0,3.0,4.0,0.75,0.0,0.0,0.0,0.0,1.0,0.0,4.0,6.0,10.0,1.0,2.0,0.0,6.0,0.0,3.0,1.0,6.0,4.0,0,0,Regular Season,2019-2016106127610021900395,17.05426356589147,23.08133333333333,4000000.0
37,2019-20,204002,Edy Tavares,1610612761,TOR,Toronto Raptors,21900381,2019-12-14T00:00:00,TOR vs. BKN,W,24.0,3.0,4.0,0.75,0.0,0.0,0.0,0.0,1.0,0.0,4.0,6.0,10.0,1.0,2.0,0.0,6.0,0.0,3.0,1.0,6.0,4.0,0,0,Regular Season,2019-2016106127610021900381,17.05426356589147,23.08133333333333,4000000.0
38,2019-20,204002,Edy Tavares,1610612761,TOR,Toronto Raptors,21900359,2019-12-11T00:00:00,TOR vs. LAC,L,24.0,3.0,4.0,0.75,0.0,0.0,0.0,0.0,1.0,0.0,4.0,6.0,10.0,1.0,2.0,0.0,6.0,0.0,3.0,1.0,6.0,4.0,0,0,Regular Season,2019-2016106127610021900359,17.05426356589147,23.08133333333333,4000000.0
39,2019-20,204002,Edy Tavares,1610612761,TOR,Toronto Raptors,21900060,2019-10-30T00:00:00,TOR vs. DET,W,24.0,3.0,4.0,0.75,0.0,0.0,0.0,0.0,1.0,0.0,4.0,6.0,10.0,1.0,2.0,0.0,6.0,0.0,3.0,1.0,6.0,4.0,0,0,Regular Season,2019-2016106127610021900060,17.05426356589147,23.08133333333333,4000000.0
40,2019-20,204002,Edy Tavares,1610612761,TOR,Toronto Raptors,21900044,2019-10-28T00:00:00,TOR vs. ORL,W,24.0,3.0,4.0,0.75,0.0,0.0,0.0,0.0,1.0,0.0,4.0,6.0,10.0,1.0,2.0,0.0,6.0,0.0,3.0,1.0,6.0,4.0,0,0,Regular Season,2019-2016106127610021900044,17.05426356589147,23.08133333333333,4000000.0
41,2019-20,1628369,Jayson Tatum,1610612761,TOR,Toronto Raptors,21901318,2020-08-14T00:00:00,TOR vs. DEN,W,32.70745061728397,6.4148148148148145,14.088888888888889,0.45251111111111125,1.8148148148148149,4.62962962962963,0.37565925925925936,3.2333333333333334,3.9185185185185185,0.6644592592592592,0.825925925925926,5.292592592592593,6.118518518518519,2.4074074074074074,1.8444444444444446,1.1481481481481481,0.774074074074074,0.7962962962962963,2.1703703703703705,3.1,17.877777777777776,4.95925925925926,0,0,Regular Season,2019-2016106127610021901318,15.703257802106853,19.136810388531913,3623000.0
42,2019-20,1628369,Jayson Tatum,1610612761,TOR,Toronto Raptors,21901305,2020-08-12T00:00:00,TOR @ PHI,W,32.70745061728397,6.4148148148148145,14.088888888888889,0.45251111111111125,1.8148148148148149,4.62962962962963,0.37565925925925936,3.2333333333333334,3.9185185185185185,0.6644592592592592,0.825925925925926,5.292592592592593,6.118518518518519,2.4074074074074074,1.8444444444444446,1.1481481481481481,0.774074074074074,0.7962962962962963,2.1703703703703705,3.1,17.877777777777776,4.95925925925926,0,0,Regular Season,2019-2016106127610021901305,15.703257802106853,19.136810388531913,3623000.0
43,2019-20,1628369,Jayson Tatum,1610612761,TOR,Toronto Raptors,21901294,2020-08-10T00:00:00,TOR @ MIL,W,32.70745061728397,6.4148148148148145,14.088888888888889,0.45251111111111125,1.8148148148148149,4.62962962962963,0.37565925925925936,3.2333333333333334,3.9185185185185185,0.6644592592592592,0.825925925925926,5.292592592592593,6.118518518518519,2.4074074074074074,1.8444444444444446,1.1481481481481481,0.774074074074074,0.7962962962962963,2.1703703703703705,3.1,17.877777777777776,4.95925925925926,0,0,Regular Season,2019-2016106127610021901294,15.703257802106853,19.136810388531913,3623000.0
44,2019-20,1628369,Jayson Tatum,1610612761,TOR,Toronto Raptors,21901279,2020-08-07T00:00:00,TOR vs. BOS,L,32.70745061728397,6.4148148148148145,14.088888888888889,0.45251111111111125,1.8148148148148149,4.62962962962963,0.37565925925925936,3.2333333333333334,3.9185185185185185,0.6644592592592592,0.825925925925926,5.292592592592593,6.118518518518519,2.4074074074074074,1.8444444444444446,1.1481481481481481,0.774074074074074,0.7962962962962963,2.1703703703703705,3.1,17.877777777777776,4.95925925925926,0,0,Regular Season,2019-2016106127610021901279,15.703257802106853,19.136810388531913,3623000.0
45,2019-20,1628369,Jayson Tatum,1610612761,TOR,Toronto Raptors,21901266,2020-08-05T00:00:00,TOR @ ORL,W,32.70745061728397,6.4148148148148145,14.088888888888889,0.45251111111111125,1.8148148148148149,4.62962962962963,0.37565925925925936,3.2333333333333334,3.9185185185185185,0.6644592592592592,0.825925925925926,5.292592592592593,6.118518518518519,2.4074074074074074,1.8444444444444446,1.1481481481481481,0.774074074074074,0.7962962962962963,2.1703703703703705,3.1,17.877777777777776,4.95925925925926,0,0,Regular Season,2019-2016106127610021901266,15.703257802106853,19.136810388531913,3623000.0
46,2019-20,1628369,Jayson Tatum,1610612761,TOR,Toronto Raptors,21900898,2020-03-01T00:00:00,TOR @ DEN,L,32.70745061728397,6.4148148148148145,14.088888888888889,0.45251111111111125,1.8148148148148149,4.62962962962963,0.37565925925925936,3.2333333333333334,3.9185185185185185,0.6644592592592592,0.825925925925926,5.292592592592593,6.118518518518519,2.4074074074074074,1.8444444444444446,1.1481481481481481,0.774074074074074,0.7962962962962963,2.1703703703703705,3.1,17.877777777777776,4.95925925925926,0,0,Regular Season,2019-2016106127610021900898,15.703257802106853,19.136810388531913,3623000.0
47,2019-20,1628369,Jayson Tatum,1610612761,TOR,Toronto Raptors,21900843,2020-02-23T00:00:00,TOR vs. IND,W,32.70745061728397,6.4148148148148145,14.088888888888889,0.45251111111111125,1.8148148148148149,4.62962962962963,0.37565925925925936,3.2333333333333334,3.9185185185185185,0.6644592592592592,0.825925925925926,5.292592592592593,6.118518518518519,2.4074074074074074,1.8444444444444446,1.1481481481481481,0.774074074074074,0.7962962962962963,2.1703703703703705,3.1,17.877777777777776,4.95925925925926,0,0,Regular Season,2019-2016106127610021900843,15.703257802106853,19.136810388531913,3623000.0
48,2019-20,1628369,Jayson Tatum,1610612761,TOR,Toronto Raptors,21900829,2020-02-21T00:00:00,TOR vs. PHX,W,32.70745061728397,6.4148148148148145,14.088888888888889,0.45251111111111125,1.8148148148148149,4.62962962962963,0.37565925925925936,3.2333333333333334,3.9185185185185185,0.6644592592592592,0.825925925925926,5.292592592592593,6.118518518518519,2.4074074074074074,1.8444444444444446,1.1481481481481481,0.774074074074074,0.7962962962962963,2.1703703703703705,3.1,17.877777777777776,4.95925925925926,0,0,Regular Season,2019-2016106127610021900829,15.703257802106853,19.136810388531913,3623000.0
49,2019-20,1628369,Jayson Tatum,1610612761,TOR,Toronto Raptors,21900740,2020-02-02T00:00:00,TOR vs. CHI,W,32.70745061728397,6.4148148148148145,14.088888888888889,0.45251111111111125,1.8148148148148149,4.62962962962963,0.37565925925925936,3.2333333333333334,3.9185185185185185,0.6644592592592592,0.825925925925926,5.292592592592593,6.118518518518519,2.4074074074074074,1.8444444444444446,1.1481481481481481,0.774074074074074,0.7962962962962963,2.1703703703703705,3.1,17.877777777777776,4.95925925925926,0,0,Regular Season,2019-2016106127610021900740,15.703257802106853,19.136810388531913,3623000.0
50,2019-20,1628369,Jayson Tatum,1610612761,TOR,Toronto Raptors,21900720,2020-01-31T00:00:00,TOR @ DET,W,32.70745061728397,6.4148148148148145,14.088888888888889,0.45251111111111125,1.8148148148148149,4.62962962962963,0.37565925925925936,3.2333333333333334,3.9185185185185185,0.6644592592592592,0.825925925925926,5.292592592592593,6.118518518518519,2.4074074074074074,1.8444444444444446,1.1481481481481481,0.774074074074074,0.7962962962962963,2.1703703703703705,3.1,17.877777777777776,4.95925925925926,0,0,Regular Season,2019-2016106127610021900720,15.703257802106853,19.136810388531913,3623000.0
51,2019-20,1628369,Jayson Tatum,1610612761,TOR,Toronto Raptors,21900703,2020-01-28T00:00:00,TOR vs. ATL,W,32.70745061728397,6.4148148148148145,14.088888888888889,0.45251111111111125,1.8148148148148149,4.62962962962963,0.37565925925925936,3.2333333333333334,3.9185185185185185,0.6644592592592592,0.825925925925926,5.292592592592593,6.118518518518519,2.4074074074074074,1.8444444444444446,1.1481481481481481,0.774074074074074,0.7962962962962963,2.1703703703703705,3.1,17.877777777777776,4.95925925925926,0,0,Regular Season,2019-2016106127610021900703,15.703257802106853,19.136810388531913,3623000.0
52,2019-20,1628369,Jayson Tatum,1610612761,TOR,Toronto Raptors,21900632,2020-01-18T00:00:00,TOR @ MIN,W,32.70745061728397,6.4148148148148145,14.088888888888889,0.45251111111111125,1.8148148148148149,4.62962962962963,0.37565925925925936,3.2333333333333334,3.9185185185185185,0.6644592592592592,0.825925925925926,5.292592592592593,6.118518518518519,2.4074074074074074,1.8444444444444446,1.1481481481481481,0.774074074074074,0.7962962962962963,2.1703703703703705,3.1,17.877777777777776,4.95925925925926,0,0,Regular Season,2019-2016106127610021900632,15.703257802106853,19.136810388531913,3623000.0
53,2019-20,1628369,Jayson Tatum,1610612761,TOR,Toronto Raptors,21900621,2020-01-17T00:00:00,TOR vs. WAS,W,32.70745061728397,6.4148148148148145,14.088888888888889,0.45251111111111125,1.8148148148148149,4.62962962962963,0.37565925925925936,3.2333333333333334,3.9185185185185185,0.6644592592592592,0.825925925925926,5.292592592592593,6.118518518518519,2.4074074074074074,1.8444444444444446,1.1481481481481481,0.774074074074074,0.7962962962962963,2.1703703703703705,3.1,17.877777777777776,4.95925925925926,0,0,Regular Season,2019-2016106127610021900621,15.703257802106853,19.136810388531913,3623000.0
54,2019-20,1628369,Jayson Tatum,1610612761,TOR,Toronto Raptors,21900555,2020-01-08T00:00:00,TOR @ CHA,W,32.70745061728397,6.4148148148148145,14.088888888888889,0.45251111111111125,1.8148148148148149,4.62962962962963,0.37565925925925936,3.2333333333333334,3.9185185185185185,0.6644592592592592,0.825925925925926,5.292592592592593,6.118518518518519,2.4074074074074074,1.8444444444444446,1.1481481481481481,0.774074074074074,0.7962962962962963,2.1703703703703705,3.1,17.877777777777776,4.95925925925926,0,0,Regular Season,2019-2016106127610021900555,15.703257802106853,19.136810388531913,3623000.0
55,2019-20,1628369,Jayson Tatum,1610612761,TOR,Toronto Raptors,21900549,2020-01-07T00:00:00,TOR vs. POR,L,32.70745061728397,6.4148148148148145,14.088888888888889,0.45251111111111125,1.8148148148148149,4.62962962962963,0.37565925925925936,3.2333333333333334,3.9185185185185185,0.6644592592592592,0.825925925925926,5.292592592592593,6.118518518518519,2.4074074074074074,1.8444444444444446,1.1481481481481481,0.774074074074074,0.7962962962962963,2.1703703703703705,3.1,17.877777777777776,4.95925925925926,0,0,Regular Season,2019-2016106127610021900549,15.703257802106853,19.136810388531913,3623000.0
56,2019-20,1628369,Jayson Tatum,1610612761,TOR,Toronto Raptors,21900524,2020-01-04T00:00:00,TOR @ BKN,W,32.70745061728397,6.4148148148148145,14.088888888888889,0.45251111111111125,1.8148148148148149,4.62962962962963,0.37565925925925936,3.2333333333333334,3.9185185185185185,0.6644592592592592,0.825925925925926,5.292592592592593,6.118518518518519,2.4074074074074074,1.8444444444444446,1.1481481481481481,0.774074074074074,0.7962962962962963,2.1703703703703705,3.1,17.877777777777776,4.95925925925926,0,0,Regular Season,2019-2016106127610021900524,15.703257802106853,19.136810388531913,3623000.0
57,2019-20,1628369,Jayson Tatum,1610612761,TOR,Toronto Raptors,21900510,2020-01-02T00:00:00,TOR @ MIA,L,32.70745061728397,6.4148148148148145,14.088888888888889,0.45251111111111125,1.8148148148148149,4.62962962962963,0.37565925925925936,3.2333333333333334,3.9185185185185185,0.6644592592592592,0.825925925925926,5.292592592592593,6.118518518518519,2.4074074074074074,1.8444444444444446,1.1481481481481481,0.774074074074074,0.7962962962962963,2.1703703703703705,3.1,17.877777777777776,4.95925925925926,0,0,Regular Season,2019-2016106127610021900510,15.703257802106853,19.136810388531913,3623000.0
58,2019-20,1628369,Jayson Tatum,1610612761,TOR,Toronto Raptors,21900500,2019-12-31T00:00:00,TOR vs. CLE,W,32.70745061728397,6.4148148148148145,14.088888888888889,0.45251111111111125,1.8148148148148149,4.62962962962963,0.37565925925925936,3.2333333333333334,3.9185185185185185,0.6644592592592592,0.825925925925926,5.292592592592593,6.118518518518519,2.4074074074074074,1.8444444444444446,1.1481481481481481,0.774074074074074,0.7962962962962963,2.1703703703703705,3.1,17.877777777777776,4.95925925925926,0,0,Regular Season,2019-2016106127610021900500,15.703257802106853,19.136810388531913,3623000.0
59,2019-20,1628369,Jayson Tatum,1610612761,TOR,Toronto Raptors,21900473,2019-12-28T00:00:00,TOR @ BOS,W,32.70745061728397,6.4148148148148145,14.088888888888889,0.45251111111111125,1.8148148148148149,4.62962962962963,0.37565925925925936,3.2333333333333334,3.9185185185185185,0.6644592592592592,0.825925925925926,5.292592592592593,6.118518518518519,2.4074074074074074,1.8444444444444446,1.1481481481481481,0.774074074074074,0.7962962962962963,2.1703703703703705,3.1,17.877777777777776,4.95925925925926,0,0,Regular Season,2019-2016106127610021900473,15.703257802106853,19.136810388531913,3623000.0
60,2019-20,1628369,Jayson Tatum,1610612761,TOR,Toronto Raptors,21900455,2019-12-25T00:00:00,TOR vs. BOS,L,32.70745061728397,6.4148148148148145,14.088888888888889,0.45251111111111125,1.8148148148148149,4.62962962962963,0.37565925925925936,3.2333333333333334,3.9185185185185185,0.6644592592592592,0.825925925925926,5.292592592592593,6.118518518518519,2.4074074074074074,1.8444444444444446,1.1481481481481481,0.774074074074074,0.7962962962962963,2.1703703703703705,3.1,17.877777777777776,4.95925925925926,0,0,Regular Season,2019-2016106127610021900455,15.703257802106853,19.136810388531913,3623000.0
61,2019-20,1628369,Jayson Tatum,1610612761,TOR,Toronto Raptors,21900160,2019-11-13T00:00:00,TOR @ POR,W,32.70745061728397,6.4148148148148145,14.088888888888889,0.45251111111111125,1.8148148148148149,4.62962962962963,0.37565925925925936,3.2333333333333334,3.9185185185185185,0.6644592592592592,0.825925925925926,5.292592592592593,6.118518518518519,2.4074074074074074,1.8444444444444446,1.1481481481481481,0.774074074074074,0.7962962962962963,2.1703703703703705,3.1,17.877777777777776,4.95925925925926,0,0,Regular Season,2019-2016106127610021900160,15.703257802106853,19.136810388531913,3623000.0
62,2019-20,1628369,Jayson Tatum,1610612761,TOR,Toronto Raptors,21900139,2019-11-10T00:00:00,TOR @ LAL,W,32.70745061728397,6.4148148148148145,14.088888888888889,0.45251111111111125,1.8148148148148149,4.62962962962963,0.37565925925925936,3.2333333333333334,3.9185185185185185,0.6644592592592592,0.825925925925926,5.292592592592593,6.118518518518519,2.4074074074074074,1.8444444444444446,1.1481481481481481,0.774074074074074,0.7962962962962963,2.1703703703703705,3.1,17.877777777777776,4.95925925925926,0,0,Regular Season,2019-2016106127610021900139,15.703257802106853,19.136810388531913,3623000.0
63,2019-20,1628369,Jayson Tatum,1610612761,TOR,Toronto Raptors,21900121,2019-11-08T00:00:00,TOR @ NOP,W,32.70745061728397,6.4148148148148145,14.088888888888889,0.45251111111111125,1.8148148148148149,4.62962962962963,0.37565925925925936,3.2333333333333334,3.9185185185185185,0.6644592592592592,0.825925925925926,5.292592592592593,6.118518518518519,2.4074074074074074,1.8444444444444446,1.1481481481481481,0.774074074074074,0.7962962962962963,2.1703703703703705,3.1,17.877777777777776,4.95925925925926,0,0,Regular Season,2019-2016106127610021900121,15.703257802106853,19.136810388531913,3623000.0
64,2019-20,1628369,Jayson Tatum,1610612761,TOR,Toronto Raptors,21900031,2019-10-26T00:00:00,TOR @ CHI,W,32.70745061728397,6.4148148148148145,14.088888888888889,0.45251111111111125,1.8148148148148149,4.62962962962963,0.37565925925925936,3.2333333333333334,3.9185185185185185,0.6644592592592592,0.825925925925926,5.292592592592593,6.118518518518519,2.4074074074074074,1.8444444444444446,1.1481481481481481,0.774074074074074,0.7962962962962963,2.1703703703703705,3.1,17.877777777777776,4.95925925925926,0,0,Regular Season,2019-2016106127610021900031,15.703257802106853,19.136810388531913,3623000.0
65,2019-20,1628369,Jayson Tatum,1610612761,TOR,Toronto Raptors,21900017,2019-10-25T00:00:00,TOR @ BOS,L,32.70745061728397,6.4148148148148145,14.088888888888889,0.45251111111111125,1.8148148148148149,4.62962962962963,0.37565925925925936,3.2333333333333334,3.9185185185185185,0.6644592592592592,0.825925925925926,5.292592592592593,6.118518518518519,2.4074074074074074,1.8444444444444446,1.1481481481481481,0.774074074074074,0.7962962962962963,2.1703703703703705,3.1,17.877777777777776,4.95925925925926,0,0,Regular Season,2019-2016106127610021900017,15.703257802106853,19.136810388531913,3623000.0
